Id_Tiempo;Dia;Semana;Mes;Año;Fecha;NombreMes;DiaSemana
20200101;1;1;1;2020;2020-01-01;Enero;miércoles
20200102;2;1;1;2020;2020-01-02;Enero;jueves
20200103;3;1;1;2020;2020-01-03;Enero;viernes
20200104;4;1;1;2020;2020-01-04;Enero;sábado
20200105;5;2;1;2020;2020-01-05;Enero;domingo
20200106;6;2;1;2020;2020-01-06;Enero;lunes
20200107;7;2;1;2020;2020-01-07;Enero;martes
20200108;8;2;1;2020;2020-01-08;Enero;miércoles
20200109;9;2;1;2020;2020-01-09;Enero;jueves
20200110;10;2;1;2020;2020-01-10;Enero;viernes
20200111;11;2;1;2020;2020-01-11;Enero;sábado
20200112;12;3;1;2020;2020-01-12;Enero;domingo
20200113;13;3;1;2020;2020-01-13;Enero;lunes
20200114;14;3;1;2020;2020-01-14;Enero;martes
20200115;15;3;1;2020;2020-01-15;Enero;miércoles
20200116;16;3;1;2020;2020-01-16;Enero;jueves
20200117;17;3;1;2020;2020-01-17;Enero;viernes
20200118;18;3;1;2020;2020-01-18;Enero;sábado
20200119;19;4;1;2020;2020-01-19;Enero;domingo
20200120;20;4;1;2020;2020-01-20;Enero;lunes
20200121;21;4;1;2020;2020-01-21;Enero;martes
20200122;22;4;1;2020;2020-01-22;Enero;miércoles
20200123;23;4;1;2020;2020-01-23;Enero;jueves
20200124;24;4;1;2020;2020-01-24;Enero;viernes
20200125;25;4;1;2020;2020-01-25;Enero;sábado
20200126;26;5;1;2020;2020-01-26;Enero;domingo
20200127;27;5;1;2020;2020-01-27;Enero;lunes
20200128;28;5;1;2020;2020-01-28;Enero;martes
20200129;29;5;1;2020;2020-01-29;Enero;miércoles
20200130;30;5;1;2020;2020-01-30;Enero;jueves
20200131;31;5;1;2020;2020-01-31;Enero;viernes
20200201;1;5;2;2020;2020-02-01;Febrero;sábado
20200202;2;6;2;2020;2020-02-02;Febrero;domingo
20200203;3;6;2;2020;2020-02-03;Febrero;lunes
20200204;4;6;2;2020;2020-02-04;Febrero;martes
20200205;5;6;2;2020;2020-02-05;Febrero;miércoles
20200206;6;6;2;2020;2020-02-06;Febrero;jueves
20200207;7;6;2;2020;2020-02-07;Febrero;viernes
20200208;8;6;2;2020;2020-02-08;Febrero;sábado
20200209;9;7;2;2020;2020-02-09;Febrero;domingo
20200210;10;7;2;2020;2020-02-10;Febrero;lunes
20200211;11;7;2;2020;2020-02-11;Febrero;martes
20200212;12;7;2;2020;2020-02-12;Febrero;miércoles
20200213;13;7;2;2020;2020-02-13;Febrero;jueves
20200214;14;7;2;2020;2020-02-14;Febrero;viernes
20200215;15;7;2;2020;2020-02-15;Febrero;sábado
20200216;16;8;2;2020;2020-02-16;Febrero;domingo
20200217;17;8;2;2020;2020-02-17;Febrero;lunes
20200218;18;8;2;2020;2020-02-18;Febrero;martes
20200219;19;8;2;2020;2020-02-19;Febrero;miércoles
20200220;20;8;2;2020;2020-02-20;Febrero;jueves
20200221;21;8;2;2020;2020-02-21;Febrero;viernes
20200222;22;8;2;2020;2020-02-22;Febrero;sábado
20200223;23;9;2;2020;2020-02-23;Febrero;domingo
20200224;24;9;2;2020;2020-02-24;Febrero;lunes
20200225;25;9;2;2020;2020-02-25;Febrero;martes
20200226;26;9;2;2020;2020-02-26;Febrero;miércoles
20200227;27;9;2;2020;2020-02-27;Febrero;jueves
20200228;28;9;2;2020;2020-02-28;Febrero;viernes
20200229;29;9;2;2020;2020-02-29;Febrero;sábado
20200301;1;10;3;2020;2020-03-01;Marzo;domingo
20200302;2;10;3;2020;2020-03-02;Marzo;lunes
20200303;3;10;3;2020;2020-03-03;Marzo;martes
20200304;4;10;3;2020;2020-03-04;Marzo;miércoles
20200305;5;10;3;2020;2020-03-05;Marzo;jueves
20200306;6;10;3;2020;2020-03-06;Marzo;viernes
20200307;7;10;3;2020;2020-03-07;Marzo;sábado
20200308;8;11;3;2020;2020-03-08;Marzo;domingo
20200309;9;11;3;2020;2020-03-09;Marzo;lunes
20200310;10;11;3;2020;2020-03-10;Marzo;martes
20200311;11;11;3;2020;2020-03-11;Marzo;miércoles
20200312;12;11;3;2020;2020-03-12;Marzo;jueves
20200313;13;11;3;2020;2020-03-13;Marzo;viernes
20200314;14;11;3;2020;2020-03-14;Marzo;sábado
20200315;15;12;3;2020;2020-03-15;Marzo;domingo
20200316;16;12;3;2020;2020-03-16;Marzo;lunes
20200317;17;12;3;2020;2020-03-17;Marzo;martes
20200318;18;12;3;2020;2020-03-18;Marzo;miércoles
20200319;19;12;3;2020;2020-03-19;Marzo;jueves
20200320;20;12;3;2020;2020-03-20;Marzo;viernes
20200321;21;12;3;2020;2020-03-21;Marzo;sábado
20200322;22;13;3;2020;2020-03-22;Marzo;domingo
20200323;23;13;3;2020;2020-03-23;Marzo;lunes
20200324;24;13;3;2020;2020-03-24;Marzo;martes
20200325;25;13;3;2020;2020-03-25;Marzo;miércoles
20200326;26;13;3;2020;2020-03-26;Marzo;jueves
20200327;27;13;3;2020;2020-03-27;Marzo;viernes
20200328;28;13;3;2020;2020-03-28;Marzo;sábado
20200329;29;14;3;2020;2020-03-29;Marzo;domingo
20200330;30;14;3;2020;2020-03-30;Marzo;lunes
20200331;31;14;3;2020;2020-03-31;Marzo;martes
20200401;1;14;4;2020;2020-04-01;Abril;miércoles
20200402;2;14;4;2020;2020-04-02;Abril;jueves
20200403;3;14;4;2020;2020-04-03;Abril;viernes
20200404;4;14;4;2020;2020-04-04;Abril;sábado
20200405;5;15;4;2020;2020-04-05;Abril;domingo
20200406;6;15;4;2020;2020-04-06;Abril;lunes
20200407;7;15;4;2020;2020-04-07;Abril;martes
20200408;8;15;4;2020;2020-04-08;Abril;miércoles
20200409;9;15;4;2020;2020-04-09;Abril;jueves
20200410;10;15;4;2020;2020-04-10;Abril;viernes
20200411;11;15;4;2020;2020-04-11;Abril;sábado
20200412;12;16;4;2020;2020-04-12;Abril;domingo
20200413;13;16;4;2020;2020-04-13;Abril;lunes
20200414;14;16;4;2020;2020-04-14;Abril;martes
20200415;15;16;4;2020;2020-04-15;Abril;miércoles
20200416;16;16;4;2020;2020-04-16;Abril;jueves
20200417;17;16;4;2020;2020-04-17;Abril;viernes
20200418;18;16;4;2020;2020-04-18;Abril;sábado
20200419;19;17;4;2020;2020-04-19;Abril;domingo
20200420;20;17;4;2020;2020-04-20;Abril;lunes
20200421;21;17;4;2020;2020-04-21;Abril;martes
20200422;22;17;4;2020;2020-04-22;Abril;miércoles
20200423;23;17;4;2020;2020-04-23;Abril;jueves
20200424;24;17;4;2020;2020-04-24;Abril;viernes
20200425;25;17;4;2020;2020-04-25;Abril;sábado
20200426;26;18;4;2020;2020-04-26;Abril;domingo
20200427;27;18;4;2020;2020-04-27;Abril;lunes
20200428;28;18;4;2020;2020-04-28;Abril;martes
20200429;29;18;4;2020;2020-04-29;Abril;miércoles
20200430;30;18;4;2020;2020-04-30;Abril;jueves
20200501;1;18;5;2020;2020-05-01;Mayo;viernes
20200502;2;18;5;2020;2020-05-02;Mayo;sábado
20200503;3;19;5;2020;2020-05-03;Mayo;domingo
20200504;4;19;5;2020;2020-05-04;Mayo;lunes
20200505;5;19;5;2020;2020-05-05;Mayo;martes
20200506;6;19;5;2020;2020-05-06;Mayo;miércoles
20200507;7;19;5;2020;2020-05-07;Mayo;jueves
20200508;8;19;5;2020;2020-05-08;Mayo;viernes
20200509;9;19;5;2020;2020-05-09;Mayo;sábado
20200510;10;20;5;2020;2020-05-10;Mayo;domingo
20200511;11;20;5;2020;2020-05-11;Mayo;lunes
20200512;12;20;5;2020;2020-05-12;Mayo;martes
20200513;13;20;5;2020;2020-05-13;Mayo;miércoles
20200514;14;20;5;2020;2020-05-14;Mayo;jueves
20200515;15;20;5;2020;2020-05-15;Mayo;viernes
20200516;16;20;5;2020;2020-05-16;Mayo;sábado
20200517;17;21;5;2020;2020-05-17;Mayo;domingo
20200518;18;21;5;2020;2020-05-18;Mayo;lunes
20200519;19;21;5;2020;2020-05-19;Mayo;martes
20200520;20;21;5;2020;2020-05-20;Mayo;miércoles
20200521;21;21;5;2020;2020-05-21;Mayo;jueves
20200522;22;21;5;2020;2020-05-22;Mayo;viernes
20200523;23;21;5;2020;2020-05-23;Mayo;sábado
20200524;24;22;5;2020;2020-05-24;Mayo;domingo
20200525;25;22;5;2020;2020-05-25;Mayo;lunes
20200526;26;22;5;2020;2020-05-26;Mayo;martes
20200527;27;22;5;2020;2020-05-27;Mayo;miércoles
20200528;28;22;5;2020;2020-05-28;Mayo;jueves
20200529;29;22;5;2020;2020-05-29;Mayo;viernes
20200530;30;22;5;2020;2020-05-30;Mayo;sábado
20200531;31;23;5;2020;2020-05-31;Mayo;domingo
20200601;1;23;6;2020;2020-06-01;Junio;lunes
20200602;2;23;6;2020;2020-06-02;Junio;martes
20200603;3;23;6;2020;2020-06-03;Junio;miércoles
20200604;4;23;6;2020;2020-06-04;Junio;jueves
20200605;5;23;6;2020;2020-06-05;Junio;viernes
20200606;6;23;6;2020;2020-06-06;Junio;sábado
20200607;7;24;6;2020;2020-06-07;Junio;domingo
20200608;8;24;6;2020;2020-06-08;Junio;lunes
20200609;9;24;6;2020;2020-06-09;Junio;martes
20200610;10;24;6;2020;2020-06-10;Junio;miércoles
20200611;11;24;6;2020;2020-06-11;Junio;jueves
20200612;12;24;6;2020;2020-06-12;Junio;viernes
20200613;13;24;6;2020;2020-06-13;Junio;sábado
20200614;14;25;6;2020;2020-06-14;Junio;domingo
20200615;15;25;6;2020;2020-06-15;Junio;lunes
20200616;16;25;6;2020;2020-06-16;Junio;martes
20200617;17;25;6;2020;2020-06-17;Junio;miércoles
20200618;18;25;6;2020;2020-06-18;Junio;jueves
20200619;19;25;6;2020;2020-06-19;Junio;viernes
20200620;20;25;6;2020;2020-06-20;Junio;sábado
20200621;21;26;6;2020;2020-06-21;Junio;domingo
20200622;22;26;6;2020;2020-06-22;Junio;lunes
20200623;23;26;6;2020;2020-06-23;Junio;martes
20200624;24;26;6;2020;2020-06-24;Junio;miércoles
20200625;25;26;6;2020;2020-06-25;Junio;jueves
20200626;26;26;6;2020;2020-06-26;Junio;viernes
20200627;27;26;6;2020;2020-06-27;Junio;sábado
20200628;28;27;6;2020;2020-06-28;Junio;domingo
20200629;29;27;6;2020;2020-06-29;Junio;lunes
20200630;30;27;6;2020;2020-06-30;Junio;martes
20200701;1;27;7;2020;2020-07-01;Julio;miércoles
20200702;2;27;7;2020;2020-07-02;Julio;jueves
20200703;3;27;7;2020;2020-07-03;Julio;viernes
20200704;4;27;7;2020;2020-07-04;Julio;sábado
20200705;5;28;7;2020;2020-07-05;Julio;domingo
20200706;6;28;7;2020;2020-07-06;Julio;lunes
20200707;7;28;7;2020;2020-07-07;Julio;martes
20200708;8;28;7;2020;2020-07-08;Julio;miércoles
20200709;9;28;7;2020;2020-07-09;Julio;jueves
20200710;10;28;7;2020;2020-07-10;Julio;viernes
20200711;11;28;7;2020;2020-07-11;Julio;sábado
20200712;12;29;7;2020;2020-07-12;Julio;domingo
20200713;13;29;7;2020;2020-07-13;Julio;lunes
20200714;14;29;7;2020;2020-07-14;Julio;martes
20200715;15;29;7;2020;2020-07-15;Julio;miércoles
20200716;16;29;7;2020;2020-07-16;Julio;jueves
20200717;17;29;7;2020;2020-07-17;Julio;viernes
20200718;18;29;7;2020;2020-07-18;Julio;sábado
20200719;19;30;7;2020;2020-07-19;Julio;domingo
20200720;20;30;7;2020;2020-07-20;Julio;lunes
20200721;21;30;7;2020;2020-07-21;Julio;martes
20200722;22;30;7;2020;2020-07-22;Julio;miércoles
20200723;23;30;7;2020;2020-07-23;Julio;jueves
20200724;24;30;7;2020;2020-07-24;Julio;viernes
20200725;25;30;7;2020;2020-07-25;Julio;sábado
20200726;26;31;7;2020;2020-07-26;Julio;domingo
20200727;27;31;7;2020;2020-07-27;Julio;lunes
20200728;28;31;7;2020;2020-07-28;Julio;martes
20200729;29;31;7;2020;2020-07-29;Julio;miércoles
20200730;30;31;7;2020;2020-07-30;Julio;jueves
20200731;31;31;7;2020;2020-07-31;Julio;viernes
20200801;1;31;8;2020;2020-08-01;Agosto;sábado
20200802;2;32;8;2020;2020-08-02;Agosto;domingo
20200803;3;32;8;2020;2020-08-03;Agosto;lunes
20200804;4;32;8;2020;2020-08-04;Agosto;martes
20200805;5;32;8;2020;2020-08-05;Agosto;miércoles
20200806;6;32;8;2020;2020-08-06;Agosto;jueves
20200807;7;32;8;2020;2020-08-07;Agosto;viernes
20200808;8;32;8;2020;2020-08-08;Agosto;sábado
20200809;9;33;8;2020;2020-08-09;Agosto;domingo
20200810;10;33;8;2020;2020-08-10;Agosto;lunes
20200811;11;33;8;2020;2020-08-11;Agosto;martes
20200812;12;33;8;2020;2020-08-12;Agosto;miércoles
20200813;13;33;8;2020;2020-08-13;Agosto;jueves
20200814;14;33;8;2020;2020-08-14;Agosto;viernes
20200815;15;33;8;2020;2020-08-15;Agosto;sábado
20200816;16;34;8;2020;2020-08-16;Agosto;domingo
20200817;17;34;8;2020;2020-08-17;Agosto;lunes
20200818;18;34;8;2020;2020-08-18;Agosto;martes
20200819;19;34;8;2020;2020-08-19;Agosto;miércoles
20200820;20;34;8;2020;2020-08-20;Agosto;jueves
20200821;21;34;8;2020;2020-08-21;Agosto;viernes
20200822;22;34;8;2020;2020-08-22;Agosto;sábado
20200823;23;35;8;2020;2020-08-23;Agosto;domingo
20200824;24;35;8;2020;2020-08-24;Agosto;lunes
20200825;25;35;8;2020;2020-08-25;Agosto;martes
20200826;26;35;8;2020;2020-08-26;Agosto;miércoles
20200827;27;35;8;2020;2020-08-27;Agosto;jueves
20200828;28;35;8;2020;2020-08-28;Agosto;viernes
20200829;29;35;8;2020;2020-08-29;Agosto;sábado
20200830;30;36;8;2020;2020-08-30;Agosto;domingo
20200831;31;36;8;2020;2020-08-31;Agosto;lunes
20200901;1;36;9;2020;2020-09-01;Setiembre;martes
20200902;2;36;9;2020;2020-09-02;Setiembre;miércoles
20200903;3;36;9;2020;2020-09-03;Setiembre;jueves
20200904;4;36;9;2020;2020-09-04;Setiembre;viernes
20200905;5;36;9;2020;2020-09-05;Setiembre;sábado
20200906;6;37;9;2020;2020-09-06;Setiembre;domingo
20200907;7;37;9;2020;2020-09-07;Setiembre;lunes
20200908;8;37;9;2020;2020-09-08;Setiembre;martes
20200909;9;37;9;2020;2020-09-09;Setiembre;miércoles
20200910;10;37;9;2020;2020-09-10;Setiembre;jueves
20200911;11;37;9;2020;2020-09-11;Setiembre;viernes
20200912;12;37;9;2020;2020-09-12;Setiembre;sábado
20200913;13;38;9;2020;2020-09-13;Setiembre;domingo
20200914;14;38;9;2020;2020-09-14;Setiembre;lunes
20200915;15;38;9;2020;2020-09-15;Setiembre;martes
20200916;16;38;9;2020;2020-09-16;Setiembre;miércoles
20200917;17;38;9;2020;2020-09-17;Setiembre;jueves
20200918;18;38;9;2020;2020-09-18;Setiembre;viernes
20200919;19;38;9;2020;2020-09-19;Setiembre;sábado
20200920;20;39;9;2020;2020-09-20;Setiembre;domingo
20200921;21;39;9;2020;2020-09-21;Setiembre;lunes
20200922;22;39;9;2020;2020-09-22;Setiembre;martes
20200923;23;39;9;2020;2020-09-23;Setiembre;miércoles
20200924;24;39;9;2020;2020-09-24;Setiembre;jueves
20200925;25;39;9;2020;2020-09-25;Setiembre;viernes
20200926;26;39;9;2020;2020-09-26;Setiembre;sábado
20200927;27;40;9;2020;2020-09-27;Setiembre;domingo
20200928;28;40;9;2020;2020-09-28;Setiembre;lunes
20200929;29;40;9;2020;2020-09-29;Setiembre;martes
20200930;30;40;9;2020;2020-09-30;Setiembre;miércoles
20201001;1;40;10;2020;2020-10-01;Octubre;jueves
20201002;2;40;10;2020;2020-10-02;Octubre;viernes
20201003;3;40;10;2020;2020-10-03;Octubre;sábado
20201004;4;41;10;2020;2020-10-04;Octubre;domingo
20201005;5;41;10;2020;2020-10-05;Octubre;lunes
20201006;6;41;10;2020;2020-10-06;Octubre;martes
20201007;7;41;10;2020;2020-10-07;Octubre;miércoles
20201008;8;41;10;2020;2020-10-08;Octubre;jueves
20201009;9;41;10;2020;2020-10-09;Octubre;viernes
20201010;10;41;10;2020;2020-10-10;Octubre;sábado
20201011;11;42;10;2020;2020-10-11;Octubre;domingo
20201012;12;42;10;2020;2020-10-12;Octubre;lunes
20201013;13;42;10;2020;2020-10-13;Octubre;martes
20201014;14;42;10;2020;2020-10-14;Octubre;miércoles
20201015;15;42;10;2020;2020-10-15;Octubre;jueves
20201016;16;42;10;2020;2020-10-16;Octubre;viernes
20201017;17;42;10;2020;2020-10-17;Octubre;sábado
20201018;18;43;10;2020;2020-10-18;Octubre;domingo
20201019;19;43;10;2020;2020-10-19;Octubre;lunes
20201020;20;43;10;2020;2020-10-20;Octubre;martes
20201021;21;43;10;2020;2020-10-21;Octubre;miércoles
20201022;22;43;10;2020;2020-10-22;Octubre;jueves
20201023;23;43;10;2020;2020-10-23;Octubre;viernes
20201024;24;43;10;2020;2020-10-24;Octubre;sábado
20201025;25;44;10;2020;2020-10-25;Octubre;domingo
20201026;26;44;10;2020;2020-10-26;Octubre;lunes
20201027;27;44;10;2020;2020-10-27;Octubre;martes
20201028;28;44;10;2020;2020-10-28;Octubre;miércoles
20201029;29;44;10;2020;2020-10-29;Octubre;jueves
20201030;30;44;10;2020;2020-10-30;Octubre;viernes
20201031;31;44;10;2020;2020-10-31;Octubre;sábado
20201101;1;45;11;2020;2020-11-01;Noviembre;domingo
20201102;2;45;11;2020;2020-11-02;Noviembre;lunes
20201103;3;45;11;2020;2020-11-03;Noviembre;martes
20201104;4;45;11;2020;2020-11-04;Noviembre;miércoles
20201105;5;45;11;2020;2020-11-05;Noviembre;jueves
20201106;6;45;11;2020;2020-11-06;Noviembre;viernes
20201107;7;45;11;2020;2020-11-07;Noviembre;sábado
20201108;8;46;11;2020;2020-11-08;Noviembre;domingo
20201109;9;46;11;2020;2020-11-09;Noviembre;lunes
20201110;10;46;11;2020;2020-11-10;Noviembre;martes
20201111;11;46;11;2020;2020-11-11;Noviembre;miércoles
20201112;12;46;11;2020;2020-11-12;Noviembre;jueves
20201113;13;46;11;2020;2020-11-13;Noviembre;viernes
20201114;14;46;11;2020;2020-11-14;Noviembre;sábado
20201115;15;47;11;2020;2020-11-15;Noviembre;domingo
20201116;16;47;11;2020;2020-11-16;Noviembre;lunes
20201117;17;47;11;2020;2020-11-17;Noviembre;martes
20201118;18;47;11;2020;2020-11-18;Noviembre;miércoles
20201119;19;47;11;2020;2020-11-19;Noviembre;jueves
20201120;20;47;11;2020;2020-11-20;Noviembre;viernes
20201121;21;47;11;2020;2020-11-21;Noviembre;sábado
20201122;22;48;11;2020;2020-11-22;Noviembre;domingo
20201123;23;48;11;2020;2020-11-23;Noviembre;lunes
20201124;24;48;11;2020;2020-11-24;Noviembre;martes
20201125;25;48;11;2020;2020-11-25;Noviembre;miércoles
20201126;26;48;11;2020;2020-11-26;Noviembre;jueves
20201127;27;48;11;2020;2020-11-27;Noviembre;viernes
20201128;28;48;11;2020;2020-11-28;Noviembre;sábado
20201129;29;49;11;2020;2020-11-29;Noviembre;domingo
20201130;30;49;11;2020;2020-11-30;Noviembre;lunes
20201201;1;49;12;2020;2020-12-01;Diciembre;martes
20201202;2;49;12;2020;2020-12-02;Diciembre;miércoles
20201203;3;49;12;2020;2020-12-03;Diciembre;jueves
20201204;4;49;12;2020;2020-12-04;Diciembre;viernes
20201205;5;49;12;2020;2020-12-05;Diciembre;sábado
20201206;6;50;12;2020;2020-12-06;Diciembre;domingo
20201207;7;50;12;2020;2020-12-07;Diciembre;lunes
20201208;8;50;12;2020;2020-12-08;Diciembre;martes
20201209;9;50;12;2020;2020-12-09;Diciembre;miércoles
20201210;10;50;12;2020;2020-12-10;Diciembre;jueves
20201211;11;50;12;2020;2020-12-11;Diciembre;viernes
20201212;12;50;12;2020;2020-12-12;Diciembre;sábado
20201213;13;51;12;2020;2020-12-13;Diciembre;domingo
20201214;14;51;12;2020;2020-12-14;Diciembre;lunes
20201215;15;51;12;2020;2020-12-15;Diciembre;martes
20201216;16;51;12;2020;2020-12-16;Diciembre;miércoles
20201217;17;51;12;2020;2020-12-17;Diciembre;jueves
20201218;18;51;12;2020;2020-12-18;Diciembre;viernes
20201219;19;51;12;2020;2020-12-19;Diciembre;sábado
20201220;20;52;12;2020;2020-12-20;Diciembre;domingo
20201221;21;52;12;2020;2020-12-21;Diciembre;lunes
20201222;22;52;12;2020;2020-12-22;Diciembre;martes
20201223;23;52;12;2020;2020-12-23;Diciembre;miércoles
20201224;24;52;12;2020;2020-12-24;Diciembre;jueves
20201225;25;52;12;2020;2020-12-25;Diciembre;viernes
20201226;26;52;12;2020;2020-12-26;Diciembre;sábado
20201227;27;53;12;2020;2020-12-27;Diciembre;domingo
20201228;28;53;12;2020;2020-12-28;Diciembre;lunes
20201229;29;53;12;2020;2020-12-29;Diciembre;martes
20201230;30;53;12;2020;2020-12-30;Diciembre;miércoles
20201231;31;53;12;2020;2020-12-31;Diciembre;jueves
