Id_transaccion;Id_Punto_Venta;Id_Tiempo;Id_Producto;Id_Forma_Pago;Id_Tienda;Id_Cliente;Tipo_Documento_Venta;Cantidad;Monto_Venta_Bruta;IGV;Monto_Venta_Total
1;11;20200905;1;1;1;1;Boleta;1;5999.99;1140.00;7139.99
2;11;20200905;2;2;1;10;Boleta;1;2999.99;570.00;3569.99
3;11;20200905;3;1;1;4;Factura;10;19999.9;3799.98;23799.88
4;11;20200905;5;1;2;3;Boleta;1;2599.99;494.00;3093.99
5;22;20200905;1;3;2;6;Boleta;1;5999.99;1140.00;7139.99
6;22;20200905;6;1;2;8;Boleta;3;451.08;85.71;536.79
7;22;20200905;8;1;3;2;Boleta;1;599.9;113.98;713.88
8;33;20200905;9;2;3;5;Boleta;1;450;85.50;535.50
9;33;20200906;1;2;3;9;Boleta;1;5999.99;1140.00;7139.99
10;44;20200906;10;2;1;7;Boleta;1;800;152.00;952.00
11;22;20200915;13;1;1;15;Boleta;1;5.36;43862;6.38
11;22;20200915;14;1;1;15;Boleta;1;10.36;1.97;12.33
11;22;20200915;15;1;1;15;Boleta;2;43957;1.24;7.74
11;22;20200915;16;1;1;15;Boleta;4;41.4;7.87;49.27
11;22;20200915;17;1;1;15;Boleta;2;8.72;1.66;10.38
11;22;20200915;24;1;1;15;Boleta;1;43984;0.49;44077
12;717;20200104;15;2;4;39;Boleta;5;16.25;44077;19.34
12;717;20200104;30;1;4;39;Boleta;3;43877;44046;19.28
13;66;20200104;23;2;9;36;Factura;8;20;3.80;23.80
14;717;20200108;26;1;1;50;Boleta;11;44073;5.85;36.65
15;616;20200112;40;3;4;5;Factura;1;43867;1.18;7.38
16;818;20200112;19;3;6;5;Boleta;3;81;15.39;96.39
17;626;20200112;11;2;1;22;Boleta;1;2630;499.70;3129.70
17;66;20200112;10;3;1;22;Boleta;1;800;152.00;952.00
18;626;20200112;33;1;8;25;Boleta;5;43979;5.42;33.92
19;1020;20200112;9;3;8;41;Boleta;1;450;85.50;535.50
20;525;20200120;47;2;10;50;Boleta;1;14.35;2.73;44060
21;616;20200120;49;2;14;15;Boleta;3;38.85;7.38;46.23
21;323;20200120;27;3;14;15;Boleta;11;31.9;43988;37.96
21;11;20200120;6;3;14;15;Boleta;1;150.36;28.57;178.93
22;121;20200120;40;3;15;29;Boleta;1;43867;1.18;7.38
22;515;20200120;23;1;15;29;Boleta;7;43968;3.33;20.83
22;424;20200120;25;3;15;29;Boleta;5;43964;2.57;44028
22;313;20200120;44;2;15;29;Boleta;4;45.44;8.63;54.07
22;131;20200120;7;3;15;29;Boleta;1;3000;570.00;3570.00
23;212;20200125;31;1;2;6;Boleta;2;11;44076;44087
23;33;20200125;18;1;2;6;Boleta;1;16;43924;43940
23;525;20200125;40;1;2;6;Boleta;2;43933;2.36;14.76
23;616;20200125;49;1;2;6;Boleta;4;51.8;9.84;61.64
23;919;20200125;14;3;2;6;Boleta;1;10.36;1.97;12.33
23;929;20200125;1;3;2;6;Boleta;2;11999.98;2280.00;14279.98
23;99;20200125;33;2;2;6;Boleta;2;43932;2.17;13.57
24;1020;20200108;45;3;4;3;Boleta;4;38.4;7.30;45.70
24;1030;20200108;42;3;4;3;Boleta;1;43896;1.20;7.50
24;313;20200108;8;1;4;3;Boleta;1;599.9;113.98;713.88
24;717;20200108;43;3;4;3;Boleta;3;37.05;43928;44.09
25;626;20200110;29;2;7;4;Boleta;5;43977;43926;31.54
26;99;20200111;14;3;9;48;Boleta;5;51.8;9.84;61.64
26;616;20200111;47;2;9;48;Boleta;3;43.05;8.18;51.23
27;55;20200115;34;3;14;39;Boleta;3;43938;3.31;20.71
27;727;20200115;40;1;14;39;Boleta;2;43933;2.36;14.76
27;44;20200115;40;3;14;39;Boleta;3;44000;3.53;22.13
28;111;20200118;40;3;11;17;Boleta;1;43867;1.18;7.38
28;313;20200118;41;2;11;17;Boleta;2;44060;3.38;21.18
29;313;20200120;49;2;7;5;Boleta;4;51.8;9.84;61.64
29;99;20200120;24;2;7;5;Boleta;12;31.2;5.93;37.13
29;616;20200120;34;2;7;5;Boleta;2;43993;2.20;13.80
30;121;20200121;39;1;5;38;Boleta;5;39.5;7.51;47.01
30;77;20200121;31;2;5;38;Boleta;1;43956;43952;6.55
30;222;20200121;11;3;5;38;Boleta;1;2630;499.70;3129.70
30;33;20200121;8;3;5;38;Boleta;1;599.9;113.98;713.88
31;1020;20200123;27;3;9;4;Boleta;8;43884;4.41;27.61
31;55;20200123;10;3;9;4;Boleta;1;800;152.00;952.00
31;22;20200123;28;3;9;4;Boleta;10;30;5.70;35.70
31;727;20200123;10;1;9;4;Boleta;1;800;152.00;952.00
32;1010;20200125;46;2;1;9;Boleta;4;145;27.55;172.55
32;727;20200125;25;2;1;9;Boleta;5;43964;2.57;44028
32;33;20200125;20;1;1;9;Boleta;3;54;10.26;64.26
33;717;20200130;36;2;12;38;Boleta;2;12;2.28;14.28
33;55;20200130;42;1;12;38;Boleta;3;44092;3.59;22.49
33;1020;20200130;24;2;12;38;Boleta;3;44050;1.48;9.28
33;828;20200130;27;2;12;38;Boleta;5;43965;2.76;17.26
33;333;20200130;45;2;12;38;Boleta;1;43991;1.82;11.42
33;333;20200130;27;1;12;38;Boleta;3;44020;1.65;10.35
34;212;20200212;12;2;14;10;Boleta;1;3000;570.00;3570.00
34;55;20200212;36;3;14;10;Boleta;4;24;4.56;28.56
34;1020;20200212;18;3;14;10;Boleta;6;96;18.24;114.24
34;1010;20200212;11;2;14;10;Boleta;1;2630;499.70;3129.70
34;212;20200212;32;3;14;10;Boleta;5;28;5.32;33.32
34;44;20200212;3;2;14;10;Boleta;2;3999.98;760.00;4759.98
34;323;20200212;49;1;14;10;Boleta;2;44099;4.92;30.82
34;414;20200212;24;2;14;10;Boleta;5;13;2.47;15.47
35;66;20200212;3;2;5;21;Boleta;1;1999.99;380.00;2379.99
35;222;20200212;41;1;5;21;Boleta;1;44082;1.69;10.59
35;1030;20200212;46;3;5;21;Boleta;3;108.75;20.66;129.41
35;333;20200212;11;1;5;21;Boleta;1;2630;499.70;3129.70
36;131;20200212;4;1;15;10;Boleta;1;150.25;28.55;178.80
36;33;20200212;13;3;15;10;Boleta;4;21.44;44016;25.51
36;515;20200212;21;3;15;10;Boleta;12;37.2;44019;44.27
36;626;20200212;15;2;15;10;Boleta;10;32.5;6.18;38.68
36;121;20200212;38;3;15;10;Boleta;3;43908;3.48;21.78
37;414;20200216;39;1;15;44;Boleta;3;44035;4.50;28.20
38;33;20200219;25;3;13;9;Boleta;7;44092;3.59;22.49
38;232;20200219;50;3;13;9;Boleta;4;55.8;10.60;66.40
38;515;20200219;10;3;13;9;Boleta;1;800;152.00;952.00
38;818;20200219;41;1;13;9;Boleta;2;44060;3.38;21.18
38;727;20200219;2;2;13;9;Boleta;2;5999.98;1140.00;7139.98
38;616;20200219;14;2;13;9;Boleta;1;10.36;1.97;12.33
39;515;20200225;8;1;2;11;Boleta;1;599.9;113.98;713.88
40;212;20200227;14;2;13;40;Boleta;5;51.8;9.84;61.64
40;44;20200227;21;1;13;40;Boleta;12;37.2;44019;44.27
40;424;20200227;46;2;13;40;Boleta;2;72.5;13.78;86.28
40;121;20200227;40;3;13;40;Boleta;2;43933;2.36;14.76
41;626;20200227;1;1;11;29;Boleta;1;5999.99;1140.00;7139.99
41;626;20200227;10;1;11;29;Boleta;1;800;152.00;952.00
41;111;20200227;47;3;11;29;Boleta;4;57.4;10.91;68.31
41;77;20200227;39;3;11;29;Boleta;4;31.6;6.00;37.60
42;111;20200229;33;1;3;20;Boleta;3;43847;3.25;20.35
42;222;20200229;2;3;3;20;Boleta;2;5999.98;1140.00;7139.98
43;1030;20200302;44;1;2;32;Boleta;3;34.08;6.48;40.56
43;313;20200302;3;1;2;32;Boleta;1;1999.99;380.00;2379.99
43;828;20200302;50;2;2;32;Boleta;4;55.8;10.60;66.40
43;1020;20200302;44;1;2;32;Boleta;2;22.72;4.32;43948
44;727;20200303;4;1;11;40;Boleta;1;150.25;28.55;178.80
44;929;20200303;5;3;11;40;Boleta;1;2599.99;494.00;3093.99
44;313;20200303;33;1;11;40;Boleta;5;43979;5.42;33.92
45;818;20200303;14;1;2;2;Boleta;5;51.8;9.84;61.64
46;333;20200304;47;3;1;47;Boleta;3;43.05;8.18;51.23
47;333;20200305;43;3;12;35;Boleta;4;49.4;9.39;58.79
47;212;20200305;35;3;12;35;Boleta;4;44005;4.48;44071
47;212;20200305;29;2;12;35;Boleta;3;44089;43864;18.92
48;828;20200306;25;1;5;46;Boleta;12;32.4;6.16;38.56
48;919;20200306;7;2;5;46;Boleta;1;3000;570.00;3570.00
48;727;20200306;3;2;5;46;Boleta;1;1999.99;380.00;2379.99
49;717;20200309;2;2;12;5;Boleta;2;5999.98;1140.00;7139.98
49;44;20200309;3;2;12;5;Boleta;1;1999.99;380.00;2379.99
49;77;20200309;15;2;12;5;Boleta;3;9.75;1.85;11.60
49;717;20200309;45;2;12;5;Boleta;1;43991;1.82;11.42
49;11;20200309;47;3;12;5;Boleta;3;43.05;8.18;51.23
49;515;20200309;15;2;12;5;Boleta;10;32.5;6.18;38.68
50;55;20200313;6;3;12;41;Boleta;2;300.72;57.14;357.86
50;1030;20200313;42;3;12;41;Boleta;2;43994;2.39;14.99
50;1010;20200313;35;1;12;41;Boleta;5;43980;5.61;35.11
50;626;20200313;38;2;12;41;Boleta;1;43836;1.16;7.26
51;313;20200313;24;1;12;22;Boleta;8;44063;3.95;24.75
51;131;20200313;3;3;12;22;Boleta;1;1999.99;380.00;2379.99
51;88;20200313;25;1;12;22;Boleta;3;43838;1.54;9.64
51;22;20200313;37;2;12;22;Boleta;6;41.4;7.87;49.27
51;77;20200313;48;2;12;22;Boleta;3;35.85;6.81;42.66
52;414;20200313;4;3;6;45;Boleta;1;150.25;28.55;178.80
52;1030;20200313;24;3;6;45;Boleta;5;13;2.47;15.47
52;818;20200313;34;3;6;45;Boleta;5;29;5.51;34.51
53;111;20200314;28;1;6;44;Boleta;4;12;2.28;14.28
53;616;20200314;13;1;6;44;Boleta;1;5.36;43862;6.38
54;626;20200317;2;1;12;10;Boleta;2;5999.98;1140.00;7139.98
54;232;20200317;34;3;12;10;Boleta;1;44048;44105;6.90
55;44;20200323;31;2;5;5;Boleta;6;33;6.27;39.27
55;222;20200323;5;2;5;5;Boleta;2;5199.98;988.00;6187.98
55;919;20200323;8;3;5;5;Boleta;1;599.9;113.98;713.88
56;919;20200329;38;2;4;29;Boleta;2;43873;2.32;14.52
56;616;20200329;41;3;4;29;Boleta;1;44082;1.69;10.59
56;111;20200329;2;1;4;29;Boleta;2;5999.98;1140.00;7139.98
56;313;20200329;5;3;4;29;Boleta;2;5199.98;988.00;6187.98
57;414;20200329;43;1;11;10;Boleta;4;49.4;9.39;58.79
58;919;20200330;5;2;10;6;Boleta;1;2599.99;494.00;3093.99
58;44;20200330;26;3;10;6;Boleta;10;28;5.32;33.32
58;66;20200330;19;2;10;6;Boleta;1;27;5.13;32.13
59;727;20200330;31;3;5;10;Boleta;3;43967;3.14;19.64
59;66;20200330;18;1;5;10;Boleta;6;96;18.24;114.24
59;333;20200330;50;3;5;10;Boleta;2;44101;5.30;33.20
59;313;20200330;34;3;5;10;Boleta;6;34.8;6.61;41.41
60;525;20200401;33;2;6;41;Boleta;5;43979;5.42;33.92
60;818;20200401;45;1;6;41;Boleta;3;44071;5.47;34.27
60;55;20200401;22;2;6;41;Boleta;6;44053;43953;12.85
60;323;20200401;28;3;6;41;Boleta;4;12;2.28;14.28
60;616;20200401;47;3;6;41;Boleta;1;14.35;2.73;44060
60;88;20200401;15;2;6;41;Boleta;1;3.25;0.62;3.87
61;77;20200405;44;1;13;50;Boleta;2;22.72;4.32;43948
62;222;20200411;44;1;7;49;Boleta;4;45.44;8.63;54.07
62;111;20200411;30;3;7;49;Boleta;1;43926;43891;6.43
62;77;20200411;7;3;7;49;Boleta;1;3000;570.00;3570.00
62;818;20200411;28;2;7;49;Boleta;8;24;4.56;28.56
62;11;20200411;31;1;7;49;Boleta;6;33;6.27;39.27
62;1020;20200411;38;3;7;49;Boleta;5;43981;5.80;36.30
63;717;20200412;32;1;1;26;Boleta;2;43872;2.13;13.33
63;88;20200412;46;1;1;26;Boleta;1;36.25;6.89;43.14
63;212;20200412;31;3;1;26;Boleta;5;43978;5.23;32.73
63;232;20200412;50;2;1;26;Boleta;3;41.85;7.95;49.80
63;99;20200412;38;2;1;26;Boleta;2;43873;2.32;14.52
63;313;20200412;14;2;1;26;Boleta;2;20.72;3.94;24.66
63;222;20200412;47;3;1;26;Boleta;4;57.4;10.91;68.31
64;1020;20200412;10;1;4;46;Boleta;1;800;152.00;952.00
64;1010;20200412;13;2;4;46;Boleta;5;44069;44079;31.89
64;515;20200412;13;2;4;46;Boleta;2;10.72;43923;12.76
64;333;20200412;31;1;4;46;Boleta;3;43967;3.14;19.64
65;222;20200415;19;1;9;43;Boleta;2;54;10.26;64.26
65;111;20200415;50;2;9;43;Boleta;2;44101;5.30;33.20
65;88;20200415;19;2;9;43;Boleta;3;81;15.39;96.39
65;111;20200415;16;1;9;43;Boleta;3;43982;5.90;36.95
65;77;20200415;40;2;9;43;Boleta;3;44000;3.53;22.13
66;55;20200419;7;3;13;49;Boleta;1;3000;570.00;3570.00
66;99;20200419;38;3;13;49;Boleta;5;43981;5.80;36.30
67;424;20200422;35;1;5;41;Boleta;1;44079;44166;43868
67;11;20200422;8;2;5;41;Boleta;1;599.9;113.98;713.88
67;222;20200422;19;1;5;41;Boleta;1;27;5.13;32.13
67;232;20200422;20;3;5;41;Boleta;2;36;6.84;42.84
67;515;20200422;20;1;5;41;Boleta;1;18;3.42;21.42
67;919;20200422;4;2;5;41;Boleta;1;150.25;28.55;178.80
68;616;20200422;47;3;11;49;Boleta;2;44040;5.45;34.15
68;77;20200422;1;1;11;49;Boleta;1;5999.99;1140.00;7139.99
68;313;20200422;12;2;11;49;Boleta;1;3000;570.00;3570.00
68;313;20200422;10;3;11;49;Boleta;1;800;152.00;952.00
68;131;20200422;19;2;11;49;Boleta;2;54;10.26;64.26
68;88;20200422;27;1;11;49;Boleta;5;43965;2.76;17.26
69;121;20200423;39;1;12;24;Boleta;1;44081;1.50;9.40
70;515;20200426;36;3;4;20;Boleta;3;18;3.42;21.42
71;1030;20200427;13;2;14;20;Boleta;4;21.44;44016;25.51
71;828;20200427;5;1;14;20;Boleta;1;2599.99;494.00;3093.99
71;727;20200427;4;2;14;20;Boleta;1;150.25;28.55;178.80
72;616;20200428;45;3;11;8;Boleta;1;43991;1.82;11.42
72;212;20200428;12;1;11;8;Boleta;1;3000;570.00;3570.00
73;44;20200430;14;2;10;34;Boleta;3;44074;5.91;36.99
73;111;20200430;22;3;10;34;Boleta;11;44062;3.76;23.56
73;77;20200430;5;1;10;34;Boleta;2;5199.98;988.00;6187.98
74;1010;20200503;38;1;10;11;Boleta;3;43908;3.48;21.78
74;121;20200503;32;2;10;11;Boleta;1;43987;43983;6.66
74;515;20200503;7;3;10;11;Boleta;1;3000;570.00;3570.00
74;55;20200503;48;1;10;11;Boleta;2;44097;4.54;28.44
75;232;20200504;7;1;14;16;Boleta;1;3000;570.00;3570.00
75;22;20200504;25;1;14;16;Boleta;9;43914;4.62;28.92
75;414;20200504;30;2;14;16;Boleta;5;27;5.13;32.13
76;828;20200506;22;3;14;1;Boleta;8;43935;2.74;17.14
76;131;20200506;21;1;14;1;Boleta;5;43966;2.95;18.45
77;22;20200506;14;2;15;20;Boleta;1;10.36;1.97;12.33
77;828;20200506;37;2;15;20;Boleta;1;44080;1.31;8.21
78;33;20200507;14;2;15;18;Boleta;3;44074;5.91;36.99
78;727;20200507;10;2;15;18;Boleta;1;800;152.00;952.00
78;626;20200507;35;2;15;18;Boleta;2;44054;2.24;43935
78;333;20200507;4;3;15;18;Boleta;2;300.5;57.10;357.60
79;626;20200507;27;1;11;36;Boleta;2;44048;44105;6.90
79;66;20200507;25;3;11;36;Boleta;1;44014;0.51;3.21
80;626;20200508;33;1;10;30;Boleta;6;34.2;6.50;40.70
81;727;20200509;44;1;5;7;Boleta;4;45.44;8.63;54.07
81;1010;20200509;35;2;5;7;Boleta;4;44005;4.48;44071
82;99;20200512;1;2;4;29;Boleta;1;5999.99;1140.00;7139.99
82;55;20200512;42;2;4;29;Boleta;2;43994;2.39;14.99
82;616;20200512;19;3;4;29;Boleta;1;27;5.13;32.13
83;1030;20200514;12;3;12;28;Boleta;1;3000;570.00;3570.00
83;232;20200514;43;1;12;28;Boleta;1;12.35;2.35;14.70
83;323;20200514;34;1;12;28;Boleta;5;29;5.51;34.51
84;44;20200520;33;3;5;10;Boleta;3;43847;3.25;20.35
84;414;20200520;40;1;5;10;Boleta;2;43933;2.36;14.76
84;11;20200520;27;3;5;10;Boleta;3;44020;1.65;10.35
85;616;20200523;41;1;8;41;Boleta;2;44060;3.38;21.18
85;44;20200523;28;1;8;41;Boleta;1;3;0.57;3.57
86;1030;20200524;26;1;6;4;Boleta;2;43987;43983;6.66
86;626;20200524;22;1;6;4;Boleta;2;43985;0.68;4.28
86;131;20200524;20;3;6;4;Boleta;2;36;6.84;42.84
86;616;20200524;1;3;6;4;Boleta;1;5999.99;1140.00;7139.99
88;929;20200524;35;2;6;2;Boleta;3;44029;3.36;44003
88;77;20200524;34;2;6;2;Boleta;2;43993;2.20;13.80
88;424;20200524;40;3;6;2;Boleta;2;43933;2.36;14.76
89;1010;20200527;17;1;13;19;Boleta;6;26.16;4.97;31.13
89;727;20200527;42;1;13;19;Boleta;1;43896;1.20;7.50
89;626;20200527;49;1;13;19;Boleta;2;44099;4.92;30.82
89;717;20200527;23;2;13;19;Boleta;1;43953;0.48;2.98
90;222;20200528;6;2;3;44;Boleta;3;451.08;85.71;536.79
90;77;20200528;43;3;3;44;Boleta;1;12.35;2.35;14.70
90;929;20200528;19;1;3;44;Boleta;2;54;10.26;64.26
90;1010;20200528;43;2;3;44;Boleta;4;49.4;9.39;58.79
90;44;20200528;21;1;3;44;Boleta;4;43933;2.36;14.76
91;44;20200529;31;1;13;41;Boleta;4;22;4.18;26.18
91;11;20200529;27;1;13;41;Boleta;9;43856;4.96;31.06
91;414;20200529;31;3;13;41;Boleta;2;11;44076;44087
91;111;20200529;17;2;13;41;Boleta;2;8.72;1.66;10.38
91;333;20200529;16;2;13;41;Boleta;4;41.4;7.87;49.27
91;33;20200529;48;1;13;41;Boleta;2;44097;4.54;28.44
92;919;20200603;40;2;4;47;Boleta;2;43933;2.36;14.76
92;424;20200603;13;1;4;47;Boleta;3;44059;43985;19.14
92;323;20200603;23;2;4;47;Boleta;1;43953;0.48;2.98
92;818;20200603;24;3;4;47;Boleta;7;43879;3.46;21.66
92;525;20200603;20;2;4;47;Boleta;1;18;3.42;21.42
93;414;20200604;4;2;9;24;Boleta;1;150.25;28.55;178.80
93;919;20200604;32;3;9;24;Boleta;5;28;5.32;33.32
93;313;20200604;11;2;9;24;Boleta;1;2630;499.70;3129.70
93;66;20200604;15;1;9;24;Boleta;5;16.25;44077;19.34
94;828;20200605;23;2;11;32;Boleta;5;43963;2.38;14.88
94;1010;20200605;33;3;11;32;Boleta;3;43847;3.25;20.35
95;1020;20200605;46;2;8;12;Factura;1;36.25;6.89;43.14
95;111;20200605;46;1;8;12;Factura;2;72.5;13.78;86.28
95;525;20200605;24;3;8;12;Factura;7;43879;3.46;21.66
95;616;20200605;9;3;8;12;Factura;1;450;85.50;535.50
96;33;20200607;37;3;10;41;Boleta;5;34.5;6.56;41.06
96;929;20200607;24;1;10;41;Boleta;11;44010;5.43;34.03
97;33;20200608;24;2;15;9;Boleta;5;13;2.47;15.47
97;77;20200608;48;2;15;9;Boleta;2;44097;4.54;28.44
97;121;20200608;6;1;15;9;Boleta;1;150.36;28.57;178.93
97;111;20200608;20;1;15;9;Boleta;2;36;6.84;42.84
97;515;20200608;23;2;15;9;Boleta;5;43963;2.38;14.88
97;717;20200608;19;2;15;9;Boleta;3;81;15.39;96.39
98;44;20200608;48;1;12;25;Factura;1;11.95;2.27;14.22
98;66;20200608;39;1;12;25;Factura;6;47.4;43839;56.41
98;717;20200608;23;1;12;25;Factura;2;5;0.95;5.95
99;929;20200608;12;2;9;46;Boleta;1;3000;570.00;3570.00
99;232;20200608;44;3;9;46;Boleta;4;45.44;8.63;54.07
99;111;20200608;14;2;9;46;Boleta;3;44074;5.91;36.99
99;88;20200608;25;2;9;46;Boleta;8;44003;44108;25.70
100;1010;20200609;35;2;15;23;Boleta;4;44005;4.48;44071
100;99;20200609;38;2;15;23;Boleta;2;43873;2.32;14.52
100;333;20200609;29;2;15;23;Boleta;4;43882;43894;25.23
101;929;20200609;25;1;2;21;Factura;3;43838;1.54;9.64
101;525;20200609;9;3;2;21;Factura;1;450;85.50;535.50
102;1030;20200614;31;2;10;7;Factura;4;22;4.18;26.18
102;1020;20200614;5;1;10;7;Factura;2;5199.98;988.00;6187.98
102;828;20200614;11;1;10;7;Factura;1;2630;499.70;3129.70
102;323;20200614;14;2;10;7;Factura;2;20.72;3.94;24.66
102;515;20200614;4;2;10;7;Factura;1;150.25;28.55;178.80
103;717;20200616;11;3;7;40;Boleta;1;2630;499.70;3129.70
103;121;20200616;4;1;7;40;Boleta;2;300.5;57.10;357.60
103;333;20200616;7;2;7;40;Boleta;1;3000;570.00;3570.00
104;616;20200616;22;2;13;48;Boleta;9;43877;44046;19.28
105;121;20200620;18;2;13;9;Factura;4;64;12.16;76.16
105;232;20200620;1;3;13;9;Factura;1;5999.99;1140.00;7139.99
105;131;20200620;41;1;13;9;Factura;3;44038;44017;31.77
106;22;20200622;16;2;6;43;Boleta;2;44032;3.93;24.63
106;929;20200622;46;1;6;43;Boleta;3;108.75;20.66;129.41
106;1030;20200622;45;1;6;43;Boleta;4;38.4;7.30;45.70
106;818;20200622;4;3;6;43;Boleta;1;150.25;28.55;178.80
107;1030;20200624;47;2;12;42;Boleta;3;43.05;8.18;51.23
107;1010;20200624;42;1;12;42;Boleta;1;43896;1.20;7.50
107;44;20200624;13;1;12;42;Boleta;3;44059;43985;19.14
107;222;20200624;16;2;12;42;Boleta;5;51.75;9.83;61.58
107;212;20200624;30;1;12;42;Boleta;3;43877;44046;19.28
108;1010;20200625;7;1;14;26;Boleta;1;3000;570.00;3570.00
108;919;20200625;44;3;14;26;Boleta;2;22.72;4.32;43948
108;66;20200625;8;1;14;26;Boleta;1;599.9;113.98;713.88
108;44;20200625;47;1;14;26;Boleta;2;44040;5.45;34.15
109;333;20200626;41;3;3;38;Boleta;2;44060;3.38;21.18
110;111;20200626;9;3;8;14;Boleta;1;450;85.50;535.50
110;1010;20200626;43;3;8;14;Boleta;1;12.35;2.35;14.70
111;323;20200627;6;1;8;13;Boleta;1;150.36;28.57;178.93
111;818;20200627;30;3;8;13;Boleta;3;43877;44046;19.28
111;919;20200627;36;3;8;13;Boleta;6;36;6.84;42.84
112;1010;20200628;50;3;1;45;Boleta;4;55.8;10.60;66.40
112;929;20200628;23;1;1;45;Boleta;3;43958;1.43;8.93
112;313;20200628;26;1;1;45;Boleta;6;44059;3.19;19.99
113;626;20200628;33;3;12;39;Boleta;6;34.2;6.50;40.70
113;919;20200628;43;2;12;39;Boleta;1;12.35;2.35;14.70
114;1030;20200629;19;1;8;28;Boleta;2;54;10.26;64.26
115;111;20200701;32;2;13;41;Boleta;1;43987;43983;6.66
115;727;20200701;29;3;13;41;Boleta;3;44089;43864;18.92
115;929;20200701;16;2;13;41;Boleta;4;41.4;7.87;49.27
116;414;20200702;35;2;12;46;Boleta;4;44005;4.48;44071
116;424;20200702;19;1;12;46;Boleta;1;27;5.13;32.13
116;77;20200702;28;3;12;46;Boleta;1;3;0.57;3.57
116;55;20200702;8;1;12;46;Boleta;1;599.9;113.98;713.88
116;44;20200702;49;3;12;46;Boleta;4;51.8;9.84;61.64
116;616;20200702;9;2;12;46;Boleta;1;450;85.50;535.50
117;717;20200702;3;1;8;29;Boleta;2;3999.98;760.00;4759.98
117;131;20200702;1;3;8;29;Boleta;1;5999.99;1140.00;7139.99
118;1020;20200705;37;3;7;35;Boleta;2;44056;2.62;16.42
118;1010;20200705;19;3;7;35;Boleta;2;54;10.26;64.26
118;66;20200705;40;3;7;35;Boleta;1;43867;1.18;7.38
118;828;20200705;3;3;7;35;Boleta;1;1999.99;380.00;2379.99
118;222;20200705;17;3;7;35;Boleta;12;52.32;9.94;62.26
119;88;20200705;1;2;6;2;Boleta;2;11999.98;2280.00;14279.98
119;66;20200705;32;1;6;2;Boleta;4;43943;4.26;26.66
120;333;20200705;33;3;11;28;Boleta;5;43979;5.42;33.92
120;121;20200705;18;1;11;28;Boleta;6;96;18.24;114.24
120;515;20200705;21;3;11;28;Boleta;5;43966;2.95;18.45
120;919;20200705;35;3;11;28;Boleta;2;44054;2.24;43935
121;515;20200709;22;1;5;32;Boleta;12;44003;44108;25.70
121;11;20200709;37;1;5;32;Boleta;6;41.4;7.87;49.27
122;222;20200709;44;1;5;9;Boleta;4;45.44;8.63;54.07
122;313;20200709;38;2;5;9;Boleta;5;43981;5.80;36.30
122;515;20200709;30;1;5;9;Boleta;3;43877;44046;19.28
122;929;20200709;16;1;5;9;Boleta;4;41.4;7.87;49.27
122;717;20200709;19;3;5;9;Boleta;3;81;15.39;96.39
123;828;20200710;33;2;13;36;Boleta;1;44017;44044;6.78
123;131;20200710;44;1;13;36;Boleta;3;34.08;6.48;40.56
123;333;20200710;8;1;13;36;Boleta;1;599.9;113.98;713.88
123;131;20200710;37;2;13;36;Boleta;3;44032;3.93;24.63
123;121;20200710;18;3;13;36;Boleta;4;64;12.16;76.16
124;44;20200713;49;2;3;24;Boleta;3;38.85;7.38;46.23
124;212;20200713;11;2;3;24;Boleta;1;2630;499.70;3129.70
124;44;20200713;20;3;3;24;Boleta;2;36;6.84;42.84
124;424;20200713;39;3;3;24;Boleta;2;44058;3.00;18.80
124;515;20200713;4;2;3;24;Boleta;2;300.5;57.10;357.60
124;131;20200713;13;2;3;24;Boleta;3;44059;43985;19.14
124;313;20200713;24;1;3;24;Boleta;12;31.2;5.93;37.13
125;1010;20200714;50;3;14;16;Boleta;3;41.85;7.95;49.80
126;131;20200715;8;3;8;50;Boleta;1;599.9;113.98;713.88
126;222;20200715;41;2;8;50;Boleta;1;44082;1.69;10.59
126;121;20200715;22;1;8;50;Boleta;10;18;3.42;21.42
126;33;20200715;5;1;8;50;Boleta;1;2599.99;494.00;3093.99
126;232;20200715;45;2;8;50;Boleta;3;44071;5.47;34.27
127;616;20200718;41;1;13;5;Boleta;2;44060;3.38;21.18
127;414;20200718;6;1;13;5;Boleta;2;300.72;57.14;357.86
127;525;20200718;37;1;13;5;Boleta;4;44009;5.24;32.84
127;919;20200718;7;3;13;5;Boleta;1;3000;570.00;3570.00
128;222;20200718;3;1;8;38;Boleta;2;3999.98;760.00;4759.98
128;818;20200718;16;2;8;38;Boleta;4;41.4;7.87;49.27
128;626;20200718;23;1;8;38;Boleta;11;43978;5.23;32.73
128;1020;20200718;11;3;8;38;Boleta;1;2630;499.70;3129.70
129;121;20200721;7;3;7;50;Boleta;1;3000;570.00;3570.00
129;525;20200721;21;3;7;50;Boleta;9;44101;5.30;33.20
129;121;20200721;9;3;7;50;Boleta;1;450;85.50;535.50
129;727;20200721;40;3;7;50;Boleta;1;43867;1.18;7.38
129;66;20200721;4;3;7;50;Boleta;1;150.25;28.55;178.80
129;828;20200721;36;3;7;50;Boleta;3;18;3.42;21.42
129;1030;20200721;18;1;7;50;Boleta;3;48;44174;57.12
130;99;20200721;36;2;8;8;Boleta;2;12;2.28;14.28
130;424;20200721;8;1;8;8;Boleta;1;599.9;113.98;713.88
130;77;20200721;18;1;8;8;Boleta;4;64;12.16;76.16
130;222;20200721;35;2;8;8;Boleta;6;35.4;6.73;42.13
131;333;20200722;15;1;14;37;Boleta;1;3.25;0.62;3.87
131;212;20200722;49;3;14;37;Boleta;1;12.95;2.46;15.41
131;929;20200722;5;3;14;37;Boleta;1;2599.99;494.00;3093.99
131;333;20200722;28;3;14;37;Boleta;4;12;2.28;14.28
131;333;20200722;30;3;14;37;Boleta;5;27;5.13;32.13
132;727;20200725;36;3;6;19;Boleta;6;36;6.84;42.84
132;88;20200725;7;3;6;19;Boleta;1;3000;570.00;3570.00
132;212;20200725;33;1;6;19;Boleta;4;44065;4.33;27.13
132;131;20200725;50;2;6;19;Boleta;1;13.95;2.65;16.60
132;121;20200725;7;3;6;19;Boleta;1;3000;570.00;3570.00
133;1010;20200726;6;1;3;36;Boleta;3;451.08;85.71;536.79
133;1020;20200726;17;3;3;36;Boleta;5;44064;4.14;25.94
133;626;20200726;10;1;3;36;Boleta;1;800;152.00;952.00
133;333;20200726;13;1;3;36;Boleta;4;21.44;44016;25.51
133;222;20200726;41;2;3;36;Boleta;3;44038;44017;31.77
133;11;20200726;15;3;3;36;Boleta;1;3.25;0.62;3.87
133;44;20200726;21;3;3;36;Boleta;8;44067;4.71;29.51
134;828;20200730;25;2;4;5;Boleta;2;43926;43891;6.43
134;515;20200730;28;2;4;5;Boleta;11;33;6.27;39.27
134;727;20200730;43;1;4;5;Boleta;2;44036;4.69;29.39
134;414;20200730;26;2;4;5;Boleta;1;44045;0.53;3.33
134;111;20200730;30;1;4;5;Boleta;2;44053;43953;12.85
134;66;20200730;6;1;4;5;Boleta;3;451.08;85.71;536.79
135;616;20200730;14;1;3;32;Boleta;5;51.8;9.84;61.64
135;828;20200730;20;3;3;32;Boleta;1;18;3.42;21.42
135;1010;20200730;16;3;3;32;Boleta;4;41.4;7.87;49.27
135;919;20200730;43;3;3;32;Boleta;3;37.05;43928;44.09
135;323;20200730;3;1;3;32;Boleta;1;1999.99;380.00;2379.99
136;88;20200801;37;1;4;3;Boleta;6;41.4;7.87;49.27
136;1010;20200801;39;1;4;3;Boleta;4;31.6;6.00;37.60
136;212;20200801;28;2;4;3;Boleta;2;6;1.14;7.14
137;515;20200802;46;1;15;35;Boleta;4;145;27.55;172.55
138;232;20200803;37;2;5;6;Boleta;3;44032;3.93;24.63
138;212;20200803;42;2;5;6;Boleta;1;43896;1.20;7.50
139;11;20200803;16;1;6;11;Boleta;2;44032;3.93;24.63
139;222;20200803;14;2;6;11;Boleta;1;10.36;1.97;12.33
139;313;20200803;14;3;6;11;Boleta;4;41.44;7.87;49.31
139;44;20200803;5;1;6;11;Boleta;2;5199.98;988.00;6187.98
139;1020;20200803;11;2;6;11;Boleta;1;2630;499.70;3129.70
140;44;20200804;34;3;4;32;Boleta;3;43938;3.31;20.71
140;929;20200804;31;2;4;32;Boleta;1;43956;43952;6.55
140;11;20200804;35;2;4;32;Boleta;1;44079;44166;43868
140;121;20200804;10;3;4;32;Boleta;1;800;152.00;952.00
141;717;20200806;6;1;5;40;Boleta;2;300.72;57.14;357.86
141;88;20200806;47;1;5;40;Boleta;2;44040;5.45;34.15
142;616;20200807;35;3;5;2;Boleta;5;43980;5.61;35.11
142;22;20200807;1;1;5;2;Boleta;2;11999.98;2280.00;14279.98
142;515;20200807;38;3;5;2;Boleta;3;43908;3.48;21.78
142;77;20200807;33;1;5;2;Boleta;3;43847;3.25;20.35
143;212;20200807;49;1;5;39;Boleta;2;44099;4.92;30.82
143;323;20200807;46;3;5;39;Boleta;3;108.75;20.66;129.41
143;121;20200807;2;2;5;39;Boleta;1;2999.99;570.00;3569.99
143;44;20200807;6;3;5;39;Boleta;3;451.08;85.71;536.79
143;414;20200807;41;2;5;39;Boleta;3;44038;44017;31.77
144;99;20200808;46;3;13;29;Boleta;2;72.5;13.78;86.28
145;11;20200808;2;3;12;40;Boleta;1;2999.99;570.00;3569.99
145;232;20200808;7;1;12;40;Boleta;1;3000;570.00;3570.00
146;414;20200809;15;3;14;6;Boleta;9;29.25;5.56;34.81
146;727;20200809;34;2;14;6;Boleta;2;43993;2.20;13.80
146;111;20200809;19;2;14;6;Boleta;1;27;5.13;32.13
147;929;20200811;34;2;13;48;Boleta;6;34.8;6.61;41.41
147;616;20200811;20;2;13;48;Boleta;3;54;10.26;64.26
147;717;20200811;35;1;13;48;Boleta;3;44029;3.36;44003
148;55;20200811;27;2;8;29;Boleta;12;34.8;6.61;41.41
148;212;20200811;49;1;8;29;Boleta;2;44099;4.92;30.82
149;616;20200815;37;3;9;10;Boleta;3;44032;3.93;24.63
149;828;20200815;41;1;9;10;Boleta;3;44038;44017;31.77
149;55;20200815;25;2;9;10;Boleta;11;44041;5.64;35.34
149;525;20200815;26;1;9;10;Boleta;11;44073;5.85;36.65
149;323;20200815;9;3;9;10;Boleta;1;450;85.50;535.50
149;22;20200815;38;1;9;10;Boleta;6;36.6;6.95;43.55
150;33;20200815;48;1;3;23;Boleta;4;47.8;44052;56.88
151;88;20200818;39;1;10;6;Boleta;1;44081;1.50;9.40
151;828;20200818;19;2;10;6;Boleta;1;27;5.13;32.13
151;66;20200818;22;1;10;6;Boleta;2;43985;0.68;4.28
151;77;20200818;47;1;10;6;Boleta;4;57.4;10.91;68.31
152;232;20200818;5;3;3;12;Boleta;2;5199.98;988.00;6187.98
152;414;20200818;15;1;3;12;Boleta;8;26;4.94;30.94
152;525;20200818;3;2;3;12;Boleta;1;1999.99;380.00;2379.99
152;828;20200818;33;1;3;12;Boleta;5;43979;5.42;33.92
153;313;20200818;23;1;8;43;Factura;5;43963;2.38;14.88
153;828;20200818;34;1;8;43;Factura;4;43884;4.41;27.61
153;44;20200818;19;1;8;43;Factura;1;27;5.13;32.13
153;99;20200818;41;3;8;43;Factura;2;44060;3.38;21.18
154;11;20200818;1;1;11;9;Factura;2;11999.98;2280.00;14279.98
154;131;20200818;28;1;11;9;Factura;1;3;0.57;3.57
154;333;20200818;5;3;11;9;Factura;1;2599.99;494.00;3093.99
155;727;20200819;24;1;6;45;Boleta;11;44010;5.43;34.03
156;111;20200820;20;1;3;6;Factura;1;18;3.42;21.42
156;414;20200820;43;1;3;6;Factura;4;49.4;9.39;58.79
156;333;20200820;23;1;3;6;Factura;2;5;0.95;5.95
156;424;20200820;7;3;3;6;Factura;1;3000;570.00;3570.00
157;121;20200820;11;2;9;27;Boleta;1;2630;499.70;3129.70
157;313;20200820;1;1;9;27;Boleta;1;5999.99;1140.00;7139.99
157;222;20200820;14;1;9;27;Boleta;3;44074;5.91;36.99
157;1030;20200820;5;3;9;27;Boleta;2;5199.98;988.00;6187.98
158;727;20200823;1;1;8;10;Boleta;1;5999.99;1140.00;7139.99
158;525;20200823;4;1;8;10;Boleta;1;150.25;28.55;178.80
158;414;20200823;2;2;8;10;Boleta;2;5999.98;1140.00;7139.98
158;77;20200823;27;1;8;10;Boleta;9;43856;4.96;31.06
158;313;20200823;21;3;8;10;Boleta;8;44067;4.71;29.51
158;11;20200823;25;1;8;10;Boleta;5;43964;2.57;44028
158;212;20200823;15;2;8;10;Boleta;3;9.75;1.85;11.60
159;818;20200824;23;3;1;14;Boleta;2;5;0.95;5.95
159;525;20200824;27;3;1;14;Boleta;8;43884;4.41;27.61
159;727;20200824;46;2;1;14;Boleta;4;145;27.55;172.55
159;929;20200824;19;2;1;14;Boleta;3;81;15.39;96.39
160;929;20200825;36;3;10;6;Boleta;3;18;3.42;21.42
160;323;20200825;38;2;10;6;Boleta;2;43873;2.32;14.52
160;1030;20200825;44;1;10;6;Boleta;3;34.08;6.48;40.56
160;131;20200825;32;1;10;6;Boleta;4;43943;4.26;26.66
160;1010;20200825;3;1;10;6;Boleta;1;1999.99;380.00;2379.99
161;22;20200825;12;1;13;11;Factura;1;3000;570.00;3570.00
161;616;20200825;29;2;13;11;Factura;2;43992;43832;12.61
161;131;20200825;7;3;13;11;Factura;1;3000;570.00;3570.00
161;333;20200825;26;3;13;11;Factura;4;43872;2.13;13.33
161;717;20200825;40;1;13;11;Factura;3;44000;3.53;22.13
162;88;20200827;1;3;8;3;Boleta;1;5999.99;1140.00;7139.99
162;1030;20200827;39;2;8;3;Boleta;2;44058;3.00;18.80
162;313;20200827;6;3;8;3;Boleta;3;451.08;85.71;536.79
162;99;20200827;38;2;8;3;Boleta;6;36.6;6.95;43.55
163;919;20200827;4;1;8;44;Boleta;1;150.25;28.55;178.80
163;727;20200827;2;2;8;44;Boleta;2;5999.98;1140.00;7139.98
164;55;20200827;43;2;7;14;Factura;2;44036;4.69;29.39
164;717;20200827;5;3;7;14;Factura;2;5199.98;988.00;6187.98
164;121;20200827;11;3;7;14;Factura;1;2630;499.70;3129.70
164;111;20200827;10;2;7;14;Factura;1;800;152.00;952.00
164;222;20200827;19;2;7;14;Factura;3;81;15.39;96.39
164;131;20200827;18;1;7;14;Factura;4;64;12.16;76.16
165;525;20200827;10;3;5;43;Factura;1;800;152.00;952.00
165;33;20200827;40;2;5;43;Factura;1;43867;1.18;7.38
165;818;20200827;34;1;5;43;Factura;3;43938;3.31;20.71
166;333;20200829;5;1;2;21;Factura;2;5199.98;988.00;6187.98
166;727;20200829;18;3;2;21;Factura;2;32;44049;38.08
166;1010;20200829;50;3;2;21;Factura;2;44101;5.30;33.20
166;11;20200829;15;3;2;21;Factura;4;13;2.47;15.47
166;1010;20200829;12;2;2;21;Factura;1;3000;570.00;3570.00
166;717;20200829;33;3;2;21;Factura;2;43932;2.17;13.57
166;717;20200829;17;3;2;21;Factura;6;26.16;4.97;31.13
166;616;20200829;8;3;2;21;Factura;1;599.9;113.98;713.88
167;525;20200830;16;3;8;15;Boleta;2;44032;3.93;24.63
167;828;20200830;31;1;8;15;Boleta;1;43956;43952;6.55
167;727;20200830;6;2;8;15;Boleta;1;150.36;28.57;178.93
168;1030;20200830;13;1;13;17;Factura;2;10.72;43923;12.76
169;828;20200831;13;2;10;2;Factura;2;10.72;43923;12.76
169;717;20200831;32;2;10;2;Factura;3;44059;3.19;19.99
169;828;20200831;26;1;10;2;Factura;4;43872;2.13;13.33
169;131;20200831;15;2;10;2;Factura;6;43970;3.71;23.21
169;333;20200831;41;2;10;2;Factura;2;44060;3.38;21.18
170;414;20200903;6;3;5;2;Boleta;1;150.36;28.57;178.93
171;22;20200905;19;3;11;9;Factura;3;81;15.39;96.39
171;1030;20200905;35;2;11;9;Factura;4;44005;4.48;44071
171;22;20200905;44;3;11;9;Factura;2;22.72;4.32;43948
172;232;20200905;41;2;5;46;Factura;1;44082;1.69;10.59
172;99;20200905;10;2;5;46;Factura;1;800;152.00;952.00
173;1030;20200905;45;1;5;8;Boleta;4;38.4;7.30;45.70
173;929;20200905;46;3;5;8;Boleta;3;108.75;20.66;129.41
173;99;20200905;23;2;5;8;Boleta;11;43978;5.23;32.73
173;77;20200905;27;1;5;8;Boleta;7;43910;3.86;24.16
173;1030;20200905;28;1;5;8;Boleta;2;6;1.14;7.14
174;1020;20200906;15;3;3;20;Factura;11;35.75;6.79;42.54
174;515;20200906;48;1;3;20;Factura;3;35.85;6.81;42.66
174;333;20200906;36;2;3;20;Factura;3;18;3.42;21.42
175;818;20200906;24;2;7;4;Boleta;5;13;2.47;15.47
177;212;20200907;8;2;5;16;Boleta;1;599.9;113.98;713.88
177;424;20200907;31;2;5;16;Boleta;2;11;44076;44087
178;525;20200907;14;1;5;33;Boleta;2;20.72;3.94;24.66
178;828;20200907;8;2;5;33;Boleta;1;599.9;113.98;713.88
179;77;20200909;36;3;11;1;Factura;3;18;3.42;21.42
179;727;20200909;18;2;11;1;Factura;3;48;44174;57.12
179;11;20200909;18;3;11;1;Factura;6;96;18.24;114.24
179;818;20200909;19;1;11;1;Factura;1;27;5.13;32.13
180;414;20200913;36;2;9;42;Boleta;6;36;6.84;42.84
180;828;20200913;20;1;9;42;Boleta;3;54;10.26;64.26
180;717;20200913;6;2;9;42;Boleta;1;150.36;28.57;178.93
181;99;20200914;29;1;3;31;Boleta;2;43992;43832;12.61
181;323;20200914;40;1;3;31;Boleta;1;43867;1.18;7.38
182;414;20200914;14;3;13;3;Boleta;4;41.44;7.87;49.31
182;232;20200914;39;1;13;3;Boleta;6;47.4;43839;56.41
182;111;20200914;3;2;13;3;Boleta;1;1999.99;380.00;2379.99
182;828;20200914;11;3;13;3;Boleta;1;2630;499.70;3129.70
183;1010;20200915;33;2;1;15;Factura;4;44065;4.33;27.13
183;525;20200915;12;3;1;15;Factura;1;3000;570.00;3570.00
184;88;20200916;13;3;3;38;Factura;1;5.36;43862;6.38
184;727;20200916;34;2;3;38;Factura;6;34.8;6.61;41.41
184;727;20200916;50;1;3;38;Factura;4;55.8;10.60;66.40
185;1020;20200918;6;1;3;20;Factura;3;451.08;85.71;536.79
185;727;20200918;27;3;3;20;Factura;3;44020;1.65;10.35
185;131;20200918;11;1;3;20;Factura;1;2630;499.70;3129.70
185;1010;20200918;6;1;3;20;Factura;3;451.08;85.71;536.79
185;66;20200918;26;1;3;20;Factura;4;43872;2.13;13.33
186;1010;20200920;26;2;7;9;Factura;9;43886;4.79;29.99
186;333;20200920;39;2;7;9;Factura;1;44081;1.50;9.40
186;11;20200920;12;3;7;9;Factura;1;3000;570.00;3570.00
187;111;20200922;16;1;6;8;Boleta;2;44032;3.93;24.63
187;111;20200922;24;2;6;8;Boleta;4;43931;1.98;12.38
188;1010;20200922;2;3;1;3;Boleta;1;2999.99;570.00;3569.99
188;88;20200922;4;3;1;3;Boleta;1;150.25;28.55;178.80
189;44;20200922;41;2;8;11;Boleta;3;44038;44017;31.77
189;424;20200922;2;2;8;11;Boleta;2;5999.98;1140.00;7139.98
189;121;20200922;19;2;8;11;Boleta;1;27;5.13;32.13
190;55;20200925;40;1;10;35;Boleta;2;43933;2.36;14.76
190;616;20200925;47;3;10;35;Boleta;3;43.05;8.18;51.23
190;818;20200925;38;3;10;35;Boleta;3;43908;3.48;21.78
190;424;20200925;45;2;10;35;Boleta;3;44071;5.47;34.27
190;111;20200925;26;3;10;35;Boleta;9;43886;4.79;29.99
190;818;20200925;11;2;10;35;Boleta;1;2630;499.70;3129.70
190;1010;20200925;13;3;10;35;Boleta;5;44069;44079;31.89
190;1030;20200925;3;2;10;35;Boleta;2;3999.98;760.00;4759.98
190;99;20200925;28;2;10;35;Boleta;6;18;3.42;21.42
191;333;20200925;22;3;15;28;Boleta;7;43994;2.39;14.99
191;717;20200925;36;1;15;28;Boleta;6;36;6.84;42.84
192;121;20200927;44;3;1;45;Boleta;2;22.72;4.32;43948
192;1010;20200927;33;3;1;45;Boleta;1;44017;44044;6.78
192;1020;20200927;49;1;1;45;Boleta;2;44099;4.92;30.82
192;323;20200927;27;1;1;45;Boleta;10;29;5.51;34.51
192;11;20200927;22;3;1;45;Boleta;11;44062;3.76;23.56
192;33;20200927;35;2;1;45;Boleta;6;35.4;6.73;42.13
193;11;20200928;4;3;1;44;Boleta;2;300.5;57.10;357.60
193;929;20200928;26;3;1;44;Boleta;11;44073;5.85;36.65
193;66;20200928;23;2;1;44;Boleta;11;43978;5.23;32.73
193;1020;20200928;28;2;1;44;Boleta;8;24;4.56;28.56
193;828;20200928;38;2;1;44;Boleta;3;43908;3.48;21.78
193;323;20200928;44;1;1;44;Boleta;2;22.72;4.32;43948
194;919;20200929;4;2;7;1;Boleta;2;300.5;57.10;357.60
194;111;20200929;15;1;7;1;Boleta;3;9.75;1.85;11.60
194;66;20200929;17;2;7;1;Boleta;9;39.24;7.46;46.70
195;414;20200929;1;3;6;23;Boleta;1;5999.99;1140.00;7139.99
195;88;20200929;38;3;6;23;Boleta;4;43945;4.64;43950
196;1010;20200930;47;3;4;11;Boleta;3;43.05;8.18;51.23
196;66;20200930;16;1;4;11;Boleta;5;51.75;9.83;61.58
196;929;20200930;9;2;4;11;Boleta;1;450;85.50;535.50
197;55;20200930;49;2;7;39;Boleta;3;38.85;7.38;46.23
197;626;20200930;40;1;7;39;Boleta;3;44000;3.53;22.13
197;313;20200930;8;2;7;39;Boleta;1;599.9;113.98;713.88
197;313;20200930;12;3;7;39;Boleta;1;3000;570.00;3570.00
197;313;20200930;38;1;7;39;Boleta;3;43908;3.48;21.78
198;11;20201002;7;1;2;8;Boleta;1;3000;570.00;3570.00
198;323;20201002;23;1;2;8;Boleta;3;43958;1.43;8.93
198;55;20201002;8;3;2;8;Boleta;1;599.9;113.98;713.88
199;232;20201006;19;3;5;44;Boleta;2;54;10.26;64.26
199;1020;20201006;5;2;5;44;Boleta;2;5199.98;988.00;6187.98
199;515;20201006;50;2;5;44;Boleta;2;44101;5.30;33.20
199;11;20201006;42;2;5;44;Boleta;2;43994;2.39;14.99
199;313;20201006;39;1;5;44;Boleta;3;44035;4.50;28.20
200;44;20201007;13;1;6;33;Boleta;2;10.72;43923;12.76
200;131;20201007;15;2;6;33;Boleta;6;43970;3.71;23.21
200;818;20201007;29;1;6;33;Boleta;2;43992;43832;12.61
201;44;20201008;26;2;14;8;Boleta;2;43987;43983;6.66
201;33;20201008;8;3;14;8;Boleta;1;599.9;113.98;713.88
201;929;20201008;45;3;14;8;Boleta;3;44071;5.47;34.27
201;1010;20201008;41;2;14;8;Boleta;1;44082;1.69;10.59
201;1020;20201008;43;1;14;8;Boleta;2;44036;4.69;29.39
202;828;20201009;35;3;6;15;Boleta;2;44054;2.24;43935
202;313;20201009;34;1;6;15;Boleta;2;43993;2.20;13.80
202;616;20201009;27;3;6;15;Boleta;8;43884;4.41;27.61
202;313;20201009;3;2;6;15;Boleta;1;1999.99;380.00;2379.99
202;44;20201009;31;2;6;15;Boleta;1;43956;43952;6.55
202;121;20201009;18;2;6;15;Boleta;6;96;18.24;114.24
202;919;20201009;8;1;6;15;Boleta;1;599.9;113.98;713.88
202;131;20201009;49;1;6;15;Boleta;4;51.8;9.84;61.64
203;33;20201009;48;1;11;31;Boleta;4;47.8;44052;56.88
203;222;20201009;42;3;11;31;Boleta;2;43994;2.39;14.99
204;232;20201010;16;1;9;24;Boleta;2;44032;3.93;24.63
204;1020;20201010;40;3;9;24;Boleta;1;43867;1.18;7.38
204;333;20201010;6;2;9;24;Boleta;1;150.36;28.57;178.93
204;88;20201010;39;3;9;24;Boleta;4;31.6;6.00;37.60
205;515;20201010;48;3;2;45;Boleta;2;44097;4.54;28.44
205;333;20201010;27;3;2;45;Boleta;2;44048;44105;6.90
205;111;20201010;14;1;2;45;Boleta;5;51.8;9.84;61.64
205;111;20201010;17;3;2;45;Boleta;12;52.32;9.94;62.26
206;818;20201010;38;3;4;25;Boleta;1;43836;1.16;7.26
206;717;20201010;11;1;4;25;Boleta;1;2630;499.70;3129.70
206;11;20201010;26;3;4;25;Boleta;11;44073;5.85;36.65
206;1010;20201010;4;3;4;25;Boleta;2;300.5;57.10;357.60
207;828;20201010;8;2;11;19;Boleta;1;599.9;113.98;713.88
207;44;20201010;39;3;11;19;Boleta;6;47.4;43839;56.41
207;1010;20201010;5;2;11;19;Boleta;1;2599.99;494.00;3093.99
207;22;20201010;2;2;11;19;Boleta;2;5999.98;1140.00;7139.98
207;55;20201010;3;2;11;19;Boleta;1;1999.99;380.00;2379.99
208;818;20201011;38;3;15;21;Boleta;4;43945;4.64;43950
209;44;20201011;42;1;6;27;Boleta;3;44092;3.59;22.49
209;131;20201011;25;1;6;27;Boleta;10;27;5.13;32.13
209;232;20201011;35;1;6;27;Boleta;3;44029;3.36;44003
209;77;20201011;31;3;6;27;Boleta;4;22;4.18;26.18
209;88;20201011;37;3;6;27;Boleta;4;44009;5.24;32.84
210;131;20201012;32;1;9;5;Boleta;2;43872;2.13;13.33
210;313;20201012;21;2;9;5;Boleta;9;44101;5.30;33.20
210;222;20201012;17;3;9;5;Boleta;7;30.52;5.80;36.32
210;88;20201012;6;3;9;5;Boleta;3;451.08;85.71;536.79
210;99;20201012;24;2;9;5;Boleta;4;43931;1.98;12.38
210;919;20201012;38;1;9;5;Boleta;2;43873;2.32;14.52
210;77;20201012;48;2;9;5;Boleta;1;11.95;2.27;14.22
211;919;20201012;48;3;13;15;Boleta;4;47.8;44052;56.88
211;77;20201012;14;1;13;15;Boleta;5;51.8;9.84;61.64
211;626;20201012;20;2;13;15;Boleta;3;54;10.26;64.26
211;77;20201012;37;2;13;15;Boleta;6;41.4;7.87;49.27
211;313;20201012;31;2;13;15;Boleta;1;43956;43952;6.55
211;717;20201012;23;3;13;15;Boleta;2;5;0.95;5.95
212;333;20201013;50;3;15;37;Boleta;3;41.85;7.95;49.80
213;1010;20201013;31;3;3;44;Boleta;5;43978;5.23;32.73
213;626;20201013;34;3;3;44;Boleta;2;43993;2.20;13.80
213;717;20201013;24;1;3;44;Boleta;9;43944;4.45;27.85
214;818;20201013;34;3;4;33;Boleta;2;43993;2.20;13.80
214;525;20201013;8;1;4;33;Boleta;1;599.9;113.98;713.88
214;1020;20201013;13;2;4;33;Boleta;4;21.44;44016;25.51
214;313;20201013;38;3;4;33;Boleta;4;43945;4.64;43950
214;88;20201013;28;3;4;33;Boleta;12;36;6.84;42.84
214;818;20201013;44;3;4;33;Boleta;1;11.36;2.16;13.52
214;414;20201013;6;1;4;33;Boleta;3;451.08;85.71;536.79
215;22;20201017;25;3;15;30;Boleta;2;43926;43891;6.43
215;333;20201017;10;3;15;30;Boleta;1;800;152.00;952.00
216;414;20201019;22;2;12;22;Boleta;7;43994;2.39;14.99
216;99;20201019;34;1;12;22;Boleta;1;44048;44105;6.90
216;22;20201019;29;2;12;22;Boleta;3;44089;43864;18.92
216;1030;20201019;30;2;12;22;Boleta;4;44003;44108;25.70
216;55;20201019;21;3;12;22;Boleta;7;44033;44169;25.82
217;222;20201020;46;1;13;49;Boleta;2;72.5;13.78;86.28
218;222;20201020;10;3;13;34;Boleta;1;800;152.00;952.00
218;33;20201020;29;1;13;34;Boleta;6;44074;43927;37.84
218;232;20201020;15;3;13;34;Boleta;7;22.75;4.32;44039
219;11;20201020;41;3;5;37;Boleta;3;44038;44017;31.77
219;323;20201020;38;3;5;37;Boleta;4;43945;4.64;43950
220;525;20201021;39;3;1;19;Boleta;1;44081;1.50;9.40
220;727;20201021;10;2;1;19;Boleta;1;800;152.00;952.00
220;313;20201021;16;1;1;19;Boleta;4;41.4;7.87;49.27
221;212;20201021;33;2;9;46;Boleta;5;43979;5.42;33.92
221;33;20201021;22;1;9;46;Boleta;11;44062;3.76;23.56
221;111;20201021;30;1;9;46;Boleta;6;32.4;6.16;38.56
221;626;20201021;8;3;9;46;Boleta;1;599.9;113.98;713.88
222;616;20201021;4;3;5;43;Boleta;1;150.25;28.55;178.80
222;323;20201021;27;1;5;43;Boleta;1;44076;0.55;3.45
223;424;20201022;12;2;15;41;Boleta;1;3000;570.00;3570.00
223;515;20201022;7;2;15;41;Boleta;1;3000;570.00;3570.00
223;515;20201022;39;3;15;41;Boleta;4;31.6;6.00;37.60
223;717;20201022;26;2;15;41;Boleta;6;44059;3.19;19.99
223;111;20201022;33;3;15;41;Boleta;6;34.2;6.50;40.70
224;414;20201024;16;1;10;48;Boleta;3;43982;5.90;36.95
224;626;20201024;36;1;10;48;Boleta;3;18;3.42;21.42
224;525;20201024;4;2;10;48;Boleta;1;150.25;28.55;178.80
224;88;20201024;6;3;10;48;Boleta;1;150.36;28.57;178.93
225;99;20201025;18;3;8;31;Boleta;5;80;15.20;95.20
225;818;20201025;3;3;8;31;Boleta;2;3999.98;760.00;4759.98
226;414;20201025;17;3;1;13;Boleta;4;17.44;3.31;20.75
226;424;20201025;32;2;1;13;Boleta;1;43987;43983;6.66
226;222;20201025;38;3;1;13;Boleta;5;43981;5.80;36.30
226;99;20201025;23;1;1;13;Boleta;12;30;5.70;35.70
227;717;20201026;16;3;2;5;Boleta;3;43982;5.90;36.95
227;919;20201026;23;2;2;5;Boleta;12;30;5.70;35.70
227;717;20201026;48;3;2;5;Boleta;3;35.85;6.81;42.66
227;818;20201026;36;2;2;5;Boleta;4;24;4.56;28.56
228;22;20201028;13;2;4;36;Boleta;2;10.72;43923;12.76
228;616;20201028;39;3;4;36;Boleta;2;44058;3.00;18.80
228;626;20201028;32;2;4;36;Boleta;4;43943;4.26;26.66
229;1020;20201028;12;3;8;40;Boleta;1;3000;570.00;3570.00
229;11;20201028;44;2;8;40;Boleta;3;34.08;6.48;40.56
229;515;20201028;3;2;8;40;Boleta;1;1999.99;380.00;2379.99
230;333;20201029;41;3;2;26;Boleta;2;44060;3.38;21.18
230;222;20201029;39;2;2;26;Boleta;4;31.6;6.00;37.60
230;88;20201029;7;1;2;26;Boleta;1;3000;570.00;3570.00
231;424;20201031;37;1;8;25;Factura;6;41.4;7.87;49.27
231;131;20201031;16;3;8;25;Factura;5;51.75;9.83;61.58
232;929;20201031;8;3;10;3;Boleta;1;599.9;113.98;713.88
232;525;20201031;10;1;10;3;Boleta;1;800;152.00;952.00
232;1010;20201031;23;3;10;3;Boleta;10;25;4.75;29.75
232;424;20201031;10;3;10;3;Boleta;1;800;152.00;952.00
232;232;20201031;30;3;10;3;Boleta;3;43877;44046;19.28
233;11;20201101;24;1;3;47;Boleta;12;31.2;5.93;37.13
233;232;20201101;42;1;3;47;Boleta;2;43994;2.39;14.99
233;515;20201101;17;3;3;47;Boleta;8;34.88;6.63;41.51
233;66;20201101;28;3;3;47;Boleta;5;15;2.85;17.85
233;1010;20201101;31;2;3;47;Boleta;6;33;6.27;39.27
234;525;20201103;45;1;1;2;Factura;3;44071;5.47;34.27
235;232;20201103;35;1;12;48;Boleta;4;44005;4.48;44071
235;929;20201103;8;2;12;48;Boleta;1;599.9;113.98;713.88
235;88;20201103;1;1;12;48;Boleta;2;11999.98;2280.00;14279.98
235;818;20201103;26;3;12;48;Boleta;3;43929;1.60;10.00
236;212;20201106;11;1;5;15;Boleta;1;2630;499.70;3129.70
237;818;20201107;41;1;12;50;Boleta;3;44038;44017;31.77
237;929;20201107;36;2;12;50;Boleta;6;36;6.84;42.84
237;919;20201107;1;2;12;50;Boleta;1;5999.99;1140.00;7139.99
237;525;20201107;32;1;12;50;Boleta;6;33.6;6.38;39.98
237;99;20201107;18;2;12;50;Boleta;3;48;44174;57.12
238;313;20201107;35;3;2;2;Boleta;3;44029;3.36;44003
238;818;20201107;25;1;2;2;Boleta;2;43926;43891;6.43
238;44;20201107;2;1;2;2;Boleta;2;5999.98;1140.00;7139.98
239;424;20201107;1;1;2;43;Boleta;2;11999.98;2280.00;14279.98
239;313;20201107;42;2;2;43;Boleta;1;43896;1.20;7.50
240;616;20201108;43;2;2;6;Boleta;1;12.35;2.35;14.70
241;131;20201110;22;3;9;9;Boleta;2;43985;0.68;4.28
241;919;20201110;1;1;9;9;Boleta;1;5999.99;1140.00;7139.99
241;818;20201110;16;3;9;9;Boleta;2;44032;3.93;24.63
241;626;20201110;4;1;9;9;Boleta;2;300.5;57.10;357.60
242;525;20201110;50;2;10;16;Boleta;3;41.85;7.95;49.80
242;414;20201110;26;1;10;16;Boleta;4;43872;2.13;13.33
242;222;20201110;1;1;10;16;Boleta;1;5999.99;1140.00;7139.99
242;818;20201110;15;2;10;16;Boleta;2;43957;1.24;7.74
242;99;20201110;33;3;10;16;Boleta;3;43847;3.25;20.35
242;626;20201110;29;1;10;16;Boleta;6;44074;43927;37.84
242;818;20201110;18;3;10;16;Boleta;5;80;15.20;95.20
243;919;20201110;42;2;3;44;Boleta;2;43994;2.39;14.99
243;717;20201110;5;2;3;44;Boleta;1;2599.99;494.00;3093.99
243;1010;20201110;48;2;3;44;Boleta;4;47.8;44052;56.88
243;1010;20201110;21;3;3;44;Boleta;2;43867;1.18;7.38
243;414;20201110;20;2;3;44;Boleta;1;18;3.42;21.42
244;222;20201111;14;3;3;7;Boleta;2;20.72;3.94;24.66
244;313;20201111;41;1;3;7;Boleta;1;44082;1.69;10.59
244;66;20201111;36;1;3;7;Boleta;1;6;1.14;7.14
244;77;20201111;12;1;3;7;Boleta;1;3000;570.00;3570.00
245;232;20201111;9;3;8;30;Boleta;1;450;85.50;535.50
246;232;20201112;13;2;4;50;Boleta;5;44069;44079;31.89
246;1020;20201112;42;3;4;50;Boleta;1;43896;1.20;7.50
246;616;20201112;7;3;4;50;Boleta;1;3000;570.00;3570.00
247;88;20201113;16;1;9;47;Boleta;4;41.4;7.87;49.27
247;727;20201113;43;1;9;47;Boleta;3;37.05;43928;44.09
247;828;20201113;37;3;9;47;Boleta;3;44032;3.93;24.63
248;111;20201117;15;3;12;31;Boleta;8;26;4.94;30.94
248;232;20201117;6;1;12;31;Boleta;1;150.36;28.57;178.93
249;44;20201118;11;2;12;32;Boleta;1;2630;499.70;3129.70
249;111;20201118;10;2;12;32;Boleta;1;800;152.00;952.00
250;333;20201118;8;2;6;5;Boleta;1;599.9;113.98;713.88
250;44;20201118;4;2;6;5;Boleta;2;300.5;57.10;357.60
250;11;20201118;34;2;6;5;Boleta;6;34.8;6.61;41.41
251;232;20201120;26;2;10;49;Boleta;6;44059;3.19;19.99
251;414;20201120;50;2;10;49;Boleta;4;55.8;10.60;66.40
251;626;20201120;4;2;10;49;Boleta;2;300.5;57.10;357.60
251;525;20201120;3;3;10;49;Boleta;1;1999.99;380.00;2379.99
251;77;20201120;37;1;10;49;Boleta;3;44032;3.93;24.63
252;919;20201120;39;1;7;7;Boleta;3;44035;4.50;28.20
252;333;20201120;46;1;7;7;Boleta;4;145;27.55;172.55
254;44;20201122;20;1;10;49;Boleta;2;36;6.84;42.84
254;77;20201122;12;3;10;49;Boleta;1;3000;570.00;3570.00
254;44;20201122;36;1;10;49;Boleta;5;30;5.70;35.70
254;222;20201122;24;1;10;49;Boleta;9;43944;4.45;27.85
255;818;20201122;41;2;4;3;Boleta;1;44082;1.69;10.59
255;22;20201122;12;2;4;3;Boleta;1;3000;570.00;3570.00
255;1020;20201122;21;3;4;3;Boleta;10;31;5.89;36.89
255;131;20201122;38;1;4;3;Boleta;4;43945;4.64;43950
256;212;20201122;13;1;7;26;Boleta;3;44059;43985;19.14
256;424;20201122;48;1;7;26;Boleta;1;11.95;2.27;14.22
256;313;20201122;29;2;7;26;Boleta;1;43895;43831;6.31
257;414;20201122;21;3;1;16;Boleta;7;44033;44169;25.82
257;717;20201122;49;1;1;16;Boleta;4;51.8;9.84;61.64
257;88;20201122;34;3;1;16;Boleta;2;43993;2.20;13.80
257;313;20201122;44;2;1;16;Boleta;1;11.36;2.16;13.52
257;11;20201122;38;3;1;16;Boleta;5;43981;5.80;36.30
258;323;20201123;33;2;8;30;Boleta;2;43932;2.17;13.57
258;1020;20201123;30;3;8;30;Boleta;1;43926;43891;6.43
258;44;20201123;29;3;8;30;Boleta;2;43992;43832;12.61
258;616;20201123;39;1;8;30;Boleta;4;31.6;6.00;37.60
258;414;20201123;11;3;8;30;Boleta;1;2630;499.70;3129.70
258;33;20201123;40;2;8;30;Boleta;3;44000;3.53;22.13
258;212;20201123;28;3;8;30;Boleta;7;21;3.99;24.99
258;88;20201123;35;3;8;30;Boleta;1;44079;44166;43868
258;88;20201123;25;3;8;30;Boleta;3;43838;1.54;9.64
258;1020;20201123;11;3;8;30;Boleta;1;2630;499.70;3129.70
258;111;20201123;3;1;8;30;Boleta;2;3999.98;760.00;4759.98
258;1030;20201123;46;3;8;30;Boleta;2;72.5;13.78;86.28
259;414;20201123;25;2;14;23;Boleta;8;44003;44108;25.70
259;222;20201123;46;1;14;23;Boleta;1;36.25;6.89;43.14
259;1030;20201123;36;2;14;23;Boleta;1;6;1.14;7.14
260;626;20201123;42;1;1;4;Boleta;1;43896;1.20;7.50
260;616;20201123;20;3;1;4;Boleta;2;36;6.84;42.84
261;525;20201124;26;3;12;48;Boleta;5;14;2.66;16.66
261;1020;20201124;40;1;12;48;Boleta;2;43933;2.36;14.76
262;929;20201125;33;2;11;43;Boleta;4;44065;4.33;27.13
263;515;20201127;45;1;13;6;Boleta;3;44071;5.47;34.27
264;232;20201128;9;2;6;7;Boleta;1;450;85.50;535.50
265;414;20201128;36;1;14;35;Boleta;1;6;1.14;7.14
265;1030;20201128;50;2;14;35;Boleta;4;55.8;10.60;66.40
265;1030;20201128;26;1;14;35;Boleta;10;28;5.32;33.32
266;424;20201201;22;1;5;25;Boleta;6;44053;43953;12.85
266;99;20201201;43;3;5;25;Boleta;1;12.35;2.35;14.70
266;626;20201201;34;3;5;25;Boleta;4;43884;4.41;27.61
266;99;20201201;7;3;5;25;Boleta;1;3000;570.00;3570.00
267;323;20201203;47;1;7;4;Boleta;1;14.35;2.73;44060
267;55;20201203;24;2;7;4;Boleta;4;43931;1.98;12.38
267;525;20201203;26;2;7;4;Boleta;12;33.6;6.38;39.98
268;66;20201203;20;2;12;41;Boleta;3;54;10.26;64.26
268;515;20201203;35;2;12;41;Boleta;5;43980;5.61;35.11
269;919;20201204;25;1;7;49;Boleta;2;43926;43891;6.43
269;77;20201204;26;1;7;49;Boleta;3;43929;1.60;10.00
270;919;20201206;34;1;14;44;Boleta;1;44048;44105;6.90
270;33;20201206;7;1;14;44;Boleta;1;3000;570.00;3570.00
270;33;20201206;30;2;14;44;Boleta;6;32.4;6.16;38.56
270;99;20201206;29;1;14;44;Boleta;5;43977;43926;31.54
271;131;20201207;27;2;10;39;Boleta;4;43993;2.20;13.80
271;232;20201207;39;2;10;39;Boleta;1;44081;1.50;9.40
271;33;20201207;24;2;10;39;Boleta;9;43944;4.45;27.85
271;111;20201207;10;3;10;39;Boleta;1;800;152.00;952.00
271;929;20201207;22;3;10;39;Boleta;2;43985;0.68;4.28
272;44;20201209;37;1;9;24;Boleta;5;34.5;6.56;41.06
272;323;20201209;10;1;9;24;Boleta;1;800;152.00;952.00
273;1010;20201210;28;3;9;13;Boleta;8;24;4.56;28.56
273;515;20201210;36;1;9;13;Boleta;3;18;3.42;21.42
273;11;20201210;3;1;9;13;Boleta;1;1999.99;380.00;2379.99
273;121;20201210;46;1;9;13;Boleta;3;108.75;20.66;129.41
274;717;20201212;47;2;6;24;Boleta;3;43.05;8.18;51.23
274;626;20201212;46;2;6;24;Boleta;4;145;27.55;172.55
274;22;20201212;46;3;6;24;Boleta;4;145;27.55;172.55
274;313;20201212;13;1;6;24;Boleta;2;10.72;43923;12.76
274;313;20201212;50;1;6;24;Boleta;1;13.95;2.65;16.60
274;929;20201212;3;3;6;24;Boleta;1;1999.99;380.00;2379.99
274;131;20201212;38;3;6;24;Boleta;4;43945;4.64;43950
275;99;20201212;23;1;10;22;Boleta;7;43968;3.33;20.83
276;818;20201214;27;1;11;6;Boleta;4;43993;2.20;13.80
276;626;20201214;47;3;11;6;Boleta;4;57.4;10.91;68.31
276;11;20201214;47;1;11;6;Boleta;3;43.05;8.18;51.23
276;525;20201214;9;1;11;6;Boleta;1;450;85.50;535.50
277;1020;20201215;2;3;6;42;Boleta;1;2999.99;570.00;3569.99
277;818;20201215;11;2;6;42;Boleta;1;2630;499.70;3129.70
278;22;20201215;30;1;9;48;Boleta;5;27;5.13;32.13
278;232;20201215;1;2;9;48;Boleta;2;11999.98;2280.00;14279.98
278;727;20201215;37;2;9;48;Boleta;2;44056;2.62;16.42
279;212;20201218;30;3;15;24;Boleta;5;27;5.13;32.13
279;313;20201218;37;2;15;24;Boleta;5;34.5;6.56;41.06
279;232;20201218;8;3;15;24;Boleta;1;599.9;113.98;713.88
279;1030;20201218;2;1;15;24;Boleta;2;5999.98;1140.00;7139.98
279;616;20201218;28;1;15;24;Boleta;1;3;0.57;3.57
280;232;20201221;12;1;11;1;Boleta;1;3000;570.00;3570.00
280;222;20201221;47;1;11;1;Boleta;3;43.05;8.18;51.23
280;414;20201221;29;1;11;1;Boleta;4;43882;43894;25.23
280;131;20201221;39;2;11;1;Boleta;3;44035;4.50;28.20
280;66;20201221;24;2;11;1;Boleta;7;43879;3.46;21.66
280;919;20201221;44;2;11;1;Boleta;2;22.72;4.32;43948
280;616;20201221;15;3;11;1;Boleta;4;13;2.47;15.47
281;121;20201221;36;1;10;27;Boleta;2;12;2.28;14.28
281;131;20201221;7;1;10;27;Boleta;1;3000;570.00;3570.00
281;1030;20201221;25;2;10;27;Boleta;10;27;5.13;32.13
281;121;20201221;47;2;10;27;Boleta;1;14.35;2.73;44060
282;828;20201221;24;3;14;4;Boleta;6;43997;2.96;18.56
283;1030;20201221;49;1;4;43;Boleta;3;38.85;7.38;46.23
283;222;20201221;11;2;4;43;Boleta;1;2630;499.70;3129.70
283;727;20201221;1;3;4;43;Boleta;2;11999.98;2280.00;14279.98
284;333;20201221;34;3;5;3;Boleta;5;29;5.51;34.51
284;131;20201221;31;1;5;3;Boleta;3;43967;3.14;19.64
284;44;20201221;15;3;5;3;Boleta;9;29.25;5.56;34.81
284;33;20201221;17;3;5;3;Boleta;10;43.6;8.28;51.88
284;333;20201221;45;1;5;3;Boleta;4;38.4;7.30;45.70
284;11;20201221;42;1;5;3;Boleta;1;43896;1.20;7.50
285;828;20201221;22;1;15;20;Boleta;8;43935;2.74;17.14
285;717;20201221;16;2;15;20;Boleta;1;10.35;1.97;12.32
285;1030;20201221;16;3;15;20;Boleta;1;10.35;1.97;12.32
285;828;20201221;11;1;15;20;Boleta;1;2630;499.70;3129.70
285;333;20201221;46;1;15;20;Boleta;2;72.5;13.78;86.28
287;33;20201222;2;3;15;14;Boleta;1;2999.99;570.00;3569.99
288;77;20201224;6;2;15;20;Boleta;1;150.36;28.57;178.93
288;414;20201224;17;1;15;20;Boleta;11;47.96;44144;57.07
289;33;20201224;5;2;6;50;Boleta;2;5199.98;988.00;6187.98
289;11;20201224;1;3;6;50;Boleta;2;11999.98;2280.00;14279.98
289;99;20201224;34;1;6;50;Boleta;5;29;5.51;34.51
290;111;20201225;26;2;2;18;Boleta;1;44045;0.53;3.33
290;131;20201225;45;3;2;18;Boleta;4;38.4;7.30;45.70
290;121;20201225;24;1;2;18;Boleta;11;44010;5.43;34.03
290;1020;20201225;28;1;2;18;Boleta;10;30;5.70;35.70
290;121;20201225;21;1;2;18;Boleta;7;44033;44169;25.82
291;525;20201225;23;3;4;42;Boleta;12;30;5.70;35.70
291;88;20201225;24;1;4;42;Boleta;4;43931;1.98;12.38
291;222;20201225;25;2;4;42;Boleta;10;27;5.13;32.13
292;929;20201226;27;2;15;41;Boleta;2;44048;44105;6.90
292;1010;20201226;3;3;15;41;Boleta;1;1999.99;380.00;2379.99
292;1010;20201226;47;2;15;41;Boleta;1;14.35;2.73;44060
293;525;20201227;23;3;13;3;Boleta;9;43973;4.28;26.78
293;11;20201227;8;3;13;3;Boleta;1;599.9;113.98;713.88
294;626;20201227;2;1;7;3;Boleta;2;5999.98;1140.00;7139.98
294;88;20201227;7;1;7;3;Boleta;1;3000;570.00;3570.00
294;1030;20201227;26;1;7;3;Boleta;12;33.6;6.38;39.98
294;55;20201227;18;2;7;3;Boleta;1;16;43924;43940
294;616;20201227;41;2;7;3;Boleta;2;44060;3.38;21.18
295;727;20201228;39;2;12;31;Boleta;3;44035;4.50;28.20
295;99;20201228;32;2;12;31;Boleta;1;43987;43983;6.66
296;727;20201228;19;2;9;4;Boleta;1;27;5.13;32.13
296;77;20201228;42;1;9;4;Boleta;2;43994;2.39;14.99
296;333;20201228;15;1;9;4;Boleta;6;43970;3.71;23.21
296;323;20201228;48;1;9;4;Boleta;1;11.95;2.27;14.22
297;33;20201228;47;2;4;36;Boleta;2;44040;5.45;34.15
297;232;20201228;25;3;4;36;Boleta;10;27;5.13;32.13
297;44;20201228;4;1;4;36;Boleta;1;150.25;28.55;178.80
298;232;20201228;39;1;3;12;Boleta;4;31.6;6.00;37.60
298;919;20201228;48;1;3;12;Boleta;4;47.8;44052;56.88
298;1030;20201228;49;1;3;12;Boleta;4;51.8;9.84;61.64
299;66;20201229;20;1;12;41;Boleta;1;18;3.42;21.42
299;424;20201229;5;3;12;41;Boleta;1;2599.99;494.00;3093.99
299;11;20201229;36;3;12;41;Boleta;5;30;5.70;35.70
299;1020;20201229;5;2;12;41;Boleta;1;2599.99;494.00;3093.99
299;44;20201229;44;3;12;41;Boleta;3;34.08;6.48;40.56
299;44;20201229;10;3;12;41;Boleta;1;800;152.00;952.00
300;1010;20201231;26;2;3;43;Boleta;5;14;2.66;16.66
300;333;20201231;49;3;3;43;Boleta;1;12.95;2.46;15.41
300;424;20201231;28;1;3;43;Boleta;7;21;3.99;24.99
300;1020;20201231;50;2;3;43;Boleta;3;41.85;7.95;49.80
300;828;20201231;11;1;3;43;Boleta;1;2630;499.70;3129.70
300;44;20201231;27;1;3;43;Boleta;3;44020;1.65;10.35
300;333;20201231;43;3;3;43;Boleta;1;12.35;2.35;14.70
